"GDP, current prices (Billions of U.S. dollars)",1980,1981,1982,1983,1984,1985,1986,1987,1988,1989,1990,1991,1992,1993,1994,1995,1996,1997,1998,1999,2000,2001,2002,2003,2004,2005,2006,2007,2008,2009,2010,2011,2012,2013,2014,2015,2016,2017,2018,2019,2020,2021,2022,2023,2024,2025,2026
,,,,,,,,,,,,,,,,,,,,,,,,,,,,,,,,,,,,,,,,,,,,,,,
Afghanistan,no data,no data,no data,no data,no data,no data,no data,no data,no data,no data,no data,no data,no data,no data,no data,no data,no data,no data,no data,no data,no data,no data,4.367,4.553,5.146,6.167,6.925,8.556,10.297,12.066,15.325,17.89,20.293,20.17,20.635,20.22,17.994,18.91,18.401,18.876,19.132,19.938,21.201,22.01,22.754,23.896,24.553
Albania,1.946,2.229,2.296,2.319,2.29,2.339,2.587,2.566,2.53,2.779,2.221,1.333,0.843,1.461,2.361,2.882,3.2,2.259,2.56,3.209,3.483,3.928,4.348,5.611,7.185,8.052,8.896,10.677,12.881,12.044,11.937,12.899,12.324,12.784,13.246,11.389,11.862,13.053,15.147,15.276,15.147,17.138,18.32,19.662,21.009,22.422,23.903
Algeria,42.346,44.372,44.78,47.529,51.513,61.132,61.535,63.3,51.664,52.558,61.892,46.67,49.217,50.963,42.426,42.066,46.941,48.178,48.188,48.845,54.749,54.745,56.761,67.864,85.327,103.198,117.027,134.977,171.001,137.054,161.207,200.251,209.059,209.755,213.81,165.979,160.034,170.207,175.367,171.07,144.294,151.459,150.135,150.035,150.53,151.906,153.802
Angola,6.639,6.214,6.214,6.476,6.864,8.457,7.918,9.05,9.818,11.421,12.571,12.186,9.395,6.819,4.965,6.197,7.994,9.388,7.958,7.526,11.166,10.93,15.286,17.813,23.552,36.971,52.381,65.266,88.539,70.307,83.799,111.79,128.053,136.71,145.712,116.194,101.124,122.124,105.902,89.603,62.44,66.493,68.532,72.894,78.231,84.371,89.816
Antigua and Barbuda,0.131,0.148,0.164,0.182,0.208,0.241,0.29,0.337,0.399,0.439,0.459,0.482,0.499,0.535,0.589,0.577,0.634,0.681,0.728,0.766,0.83,0.801,0.815,0.856,0.92,1.022,1.157,1.311,1.368,1.224,1.149,1.138,1.2,1.181,1.25,1.337,1.437,1.468,1.605,1.662,1.39,1.376,1.57,1.702,1.838,1.947,2.046
Argentina,233.696,189.802,94.25,116.267,130.544,98.599,118.565,121.561,142.386,91.352,158.024,211.979,255.787,264.429,287.835,288.497,304.282,327.436,334.244,316.998,317.759,300.421,112.458,142.431,164.911,199.273,232.892,287.921,363.545,334.633,424.729,527.644,579.666,611.471,563.614,642.464,556.774,643.861,517.244,444.458,388.279,418.15,434.809,453.965,472.945,491.106,509.762
Armenia,no data,no data,no data,no data,no data,no data,no data,no data,no data,no data,no data,no data,0.108,0.835,0.648,1.287,1.597,1.639,1.892,1.845,1.912,2.118,2.376,2.807,3.577,4.9,6.384,9.206,11.662,8.648,9.26,10.142,10.619,11.121,11.61,10.553,10.546,11.527,12.458,13.673,12.339,12.251,12.955,14.037,15.212,16.532,17.967
Aruba,no data,no data,no data,no data,no data,no data,no data,no data,no data,no data,no data,no data,no data,no data,no data,1.321,1.38,1.532,1.665,1.723,1.873,1.896,1.962,2.044,2.255,2.36,2.47,2.678,2.843,2.554,2.454,2.638,2.615,2.728,2.791,2.963,2.984,3.092,3.202,3.342,2.458,2.582,2.948,3.269,3.59,3.746,3.879
Australia,162.628,188.067,186.709,179.151,196.777,174.067,181.147,212.712,270.594,307.72,323.397,323.783,317.475,308.755,352.564,378.136,423.544,425.536,380.614,411.059,399.101,376.714,424.425,539.562,656.735,734.057,781.291,947.89,1055.507,998.928,1251.853,1513.684,1569.319,1518.427,1457.388,1234.823,1266.268,1385.194,1421.303,1391.536,1359.326,1617.543,1693.021,1772.975,1848.922,1929.056,2017.317
Austria,80.923,70.121,70.111,71.032,67.007,68.624,97.375,121.771,133.591,133.263,166.866,174.435,195.506,190.383,203.97,241.234,237.343,213.045,218.557,217.475,197.377,197.51,214.243,262.208,301.321,316.267,336.298,389.231,432.005,401.323,392.595,431.609,409.661,430.197,442.699,382.01,395.728,417.091,455.301,445.125,428.622,481.796,514.956,537.758,560.561,582.126,604.261
Azerbaijan,no data,no data,no data,no data,no data,no data,no data,no data,no data,no data,no data,no data,1.193,1.309,2.258,2.417,3.177,3.963,4.28,4.581,5.273,5.475,6.232,7.276,8.682,13.273,21.027,33.09,48.979,44.289,52.913,65.99,69.687,74.16,75.24,50.844,37.83,41.375,47.113,48.048,42.607,49.914,50.861,52.314,54.19,56.379,58.818
"Bahamas, The",2.598,2.692,3.031,3.373,3.603,3.923,4.241,4.669,4.855,5.473,5.218,5.128,5.125,5.097,5.372,5.653,5.95,6.332,6.833,7.684,8.076,8.318,8.881,8.87,9.055,9.836,10.167,10.618,10.526,9.982,10.096,10.07,10.72,10.568,11.112,11.711,11.929,12.491,13.022,13.579,11.25,11.706,12.947,13.726,14.479,15.024,15.541
Bahrain,3.593,4.056,4.264,4.368,4.534,4.278,3.347,3.626,4.481,4.675,4.965,5.209,5.442,5.986,6.411,6.787,7.057,7.318,6.996,7.582,9.063,9.189,9.594,11.075,13.15,15.969,18.505,21.73,25.711,22.938,25.713,28.777,30.749,32.539,33.388,31.051,32.235,35.474,37.654,38.474,33.904,37.503,38.922,40.535,42.335,44.304,46.411
Bangladesh,no data,22.353,20.93,20.274,22.744,24.442,25.138,27.521,29.612,32.289,34.831,36.036,36.718,37.05,39.386,43.969,47.025,48.935,51.158,53.109,54.348,54.502,55.759,60.108,65.666,69.461,71.815,79.617,91.63,102.478,115.279,128.605,133.304,150.026,172.887,195.147,221.398,249.695,273.3,302.396,329.12,352.908,391.314,430.73,470.788,514.572,561.904
Barbados,1.018,1.12,1.171,1.243,1.355,1.418,1.557,1.714,1.823,2.018,2.024,2.032,1.957,2.075,2.163,2.229,2.377,2.513,2.833,2.969,3.059,3.055,3.106,3.21,3.444,3.82,4.217,4.674,4.785,4.466,4.53,4.658,4.61,4.677,4.696,4.715,4.83,4.978,5.087,5.209,4.365,4.628,5.082,5.432,5.696,5.937,6.187
Belarus,no data,no data,no data,no data,no data,no data,no data,no data,no data,no data,no data,no data,12.8,11.408,15.687,10.532,14.494,14.091,15.215,12.133,10.785,12.778,15.092,18.42,23.928,31.239,38.219,46.815,62.798,50.855,57.22,61.368,65.669,75.496,78.736,56.329,47.703,54.723,60.011,64.414,60.201,60.725,62.563,64.392,66.988,69.37,71.956
Belgium,123.478,102.245,89.958,85.037,81.237,84.467,117.063,145.411,158.097,159.816,200.149,205.369,228.732,218.72,238.622,288.301,279.292,253.022,258.876,258.5,236.897,236.748,258.2,318.004,369.047,385.927,408.281,470.978,517.27,482.73,481.814,523.239,496.467,521.799,535.529,462.383,475.931,502.521,543.98,533.157,513.087,578.996,615.336,640.552,663.157,683.643,704.786
Belize,0.172,0.179,0.179,0.189,0.211,0.209,0.228,0.267,0.315,0.363,0.412,0.445,0.518,0.56,0.578,0.618,0.639,0.652,0.686,0.73,0.823,0.867,0.924,0.982,1.05,1.101,1.209,1.27,1.35,1.3,1.375,1.459,1.521,1.577,1.667,1.724,1.773,1.833,1.882,1.92,1.651,1.7,1.844,1.96,2.039,2.122,2.207
Benin,2.302,1.557,1.542,1.365,1.456,1.58,2.036,2.43,2.552,2.37,2.89,2.954,3.284,3.199,2.227,2.993,3.251,3.124,3.362,3.681,3.522,3.666,4.191,5.348,6.187,6.571,7.034,8.17,9.787,9.728,9.543,10.691,11.148,12.518,13.288,11.389,11.818,12.697,14.257,14.392,15.193,17.327,19.056,20.681,22.501,24.437,26.498
Bhutan,0.123,0.133,0.14,0.151,0.156,0.162,0.183,0.222,0.254,0.253,0.273,0.236,0.231,0.242,0.245,0.287,0.301,0.337,0.371,0.389,0.423,0.441,0.481,0.572,0.649,0.758,0.821,1.005,1.26,1.184,1.399,1.696,1.772,1.805,1.784,1.922,2.025,2.365,2.411,2.488,2.503,2.48,2.752,2.984,3.294,3.57,3.864
Bolivia,3.589,3.44,3.813,3.609,3.752,4.059,3.97,4.323,4.598,4.716,4.868,5.343,5.643,5.734,5.97,6.702,7.375,7.917,8.49,8.269,8.385,8.155,7.917,8.092,8.785,9.573,11.52,13.216,16.792,17.464,19.786,24.135,27.282,30.883,33.237,33.241,34.189,37.782,40.581,41.193,39.381,43.11,46.546,50.156,53.834,57.67,61.718
Bosnia and Herzegovina,no data,no data,no data,no data,no data,no data,no data,no data,no data,no data,no data,no data,no data,no data,no data,no data,3.584,4.578,5.281,5.766,5.554,5.784,6.711,8.477,10.157,10.935,12.46,15.323,18.712,17.601,17.164,18.629,17.207,18.155,18.522,16.21,16.91,18.081,20.184,20.203,19.389,21.953,23.219,24.305,25.484,26.792,28.091
Botswana,1.175,1.038,1.095,1.21,1.201,1.118,1.516,2.376,3.084,3.444,3.803,3.806,3.932,3.961,4.261,4.732,4.881,5.024,4.819,5.485,5.803,5.514,5.456,7.539,8.966,10.013,10.175,10.941,11.028,10.272,12.794,15.393,16.11,14.915,16.259,14.445,15.658,17.383,18.664,18.339,15.91,18.726,20.137,21.631,22.921,24.368,26.106
Brazil,145.819,167.583,179.166,143.652,142.957,226.938,263.256,286.539,320.105,439.434,455.335,399.249,382.465,429.184,546.764,770.86,851.146,883.862,864.307,599.642,655.454,559.982,509.798,558.232,669.29,891.633,1107.628,1397.114,1695.855,1669.204,2208.704,2614.027,2464.054,2471.718,2456.055,1800.046,1796.622,2063.518,1916.934,1877.114,1434.084,1491.772,1636.413,1769.711,1922.407,2050.389,2172.08
Brunei Darussalam,no data,no data,no data,no data,no data,4.419,2.695,3.095,2.946,3.304,3.896,4.096,4.631,4.543,4.523,5.239,5.661,5.75,4.482,5.09,6.641,6.198,6.466,7.256,8.711,10.547,12.645,13.432,15.926,11.913,13.707,18.525,19.047,18.092,17.098,12.931,11.399,12.128,13.568,13.47,12.016,15.278,14.822,14.777,15.035,15.357,15.735
Bulgaria,32.353,34.895,36.394,37.4,39.728,34.016,30.106,34.897,57.029,58.082,25.608,2.509,10.183,5.527,9.717,16.276,12.295,11.317,15.031,13.628,13.246,14.183,16.403,21.146,26.158,29.868,34.38,44.404,54.434,52.024,50.383,57.388,54.031,55.617,56.902,50.647,53.802,59.093,66.294,68.563,68.561,77.782,84.379,90.07,95.402,100.76,106.138
Burkina Faso,2.386,2.076,1.934,1.767,1.579,1.746,2.29,2.665,2.942,2.942,3.488,3.526,3.775,3.599,2.164,2.676,2.909,2.753,3.155,3.388,2.961,3.19,3.62,4.74,5.449,6.15,6.548,7.627,9.45,9.44,10.118,12.078,12.569,13.444,13.947,11.833,12.819,14.165,16.207,15.746,16.541,18.853,20.568,22.268,24.084,26.006,28.086
Burundi,0.951,0.989,1.045,1.106,1.005,1.17,1.233,1.161,1.088,1.131,1.131,1.167,1.082,0.938,0.924,1,0.868,0.972,0.893,0.866,0.87,0.877,0.825,0.785,0.915,1.117,1.273,1.356,1.612,1.775,2.032,2.236,2.333,2.456,2.706,3.104,2.96,3.172,3.037,2.968,3.011,3.244,3.446,3.658,3.878,4.084,4.296
Cabo Verde,0.157,0.154,0.155,0.152,0.145,0.152,0.21,0.26,0.292,0.295,0.339,0.353,0.395,0.398,0.448,0.536,0.553,0.54,0.575,0.657,0.609,0.616,0.679,0.891,1.023,1.091,1.237,1.513,1.788,1.698,1.664,1.866,1.742,1.85,1.86,1.597,1.663,1.77,1.967,1.982,1.753,2.003,2.18,2.351,2.538,2.744,2.97
Cambodia,no data,no data,no data,no data,no data,no data,0.205,0.141,0.276,0.346,0.899,2.011,2.439,2.427,2.765,3.441,3.507,3.443,3.13,3.513,3.667,3.992,4.289,4.665,5.334,6.287,7.268,8.63,10.342,10.391,11.232,12.818,14.057,15.228,16.702,18.083,20.043,22.189,24.444,26.728,25.953,27.239,29.121,31.308,33.806,36.539,39.531
Cameroon,8.193,9.281,8.901,8.972,9.482,9.903,12.909,14.952,15.184,13.539,13.553,15.112,13.851,14.451,9.833,9.326,10.393,10.509,10.495,10.695,9.802,10.377,11.588,14.558,17.44,17.974,19.374,22.397,26.514,26.094,26.191,29.37,29.121,32.358,34.999,30.932,32.635,34.997,38.712,38.863,39.02,44.893,48.074,51.286,55.101,59.193,63.645
Canada,276.035,307.246,314.639,341.863,356.728,366.184,379.015,433.14,509.38,567.225,596.089,612.514,594.376,579.059,579.913,605.941,630.598,655.01,634.004,678.417,744.631,738.968,760.149,895.599,1026.473,1173.505,1319.356,1468.896,1552.864,1376.509,1617.345,1793.327,1828.362,1846.595,1805.751,1556.508,1527.996,1649.266,1721.822,1741.576,1643.408,1883.487,2030.619,2142.963,2243.379,2349.536,2466.744
Central African Republic,0.714,0.743,0.719,0.69,0.67,0.883,1.158,1.275,1.372,1.354,1.572,1.498,1.494,1.309,0.858,1.117,1,0.979,1.036,1.039,0.868,0.899,0.983,1.188,1.31,1.413,1.538,1.755,2.033,2.059,2.141,2.435,2.512,1.692,1.896,1.696,1.825,2.072,2.28,2.277,2.366,2.718,2.964,3.197,3.445,3.706,3.981
Chad,0.738,0.873,0.844,0.844,0.907,0.983,1.211,1.372,1.604,1.515,1.826,1.809,1.886,1.648,1.335,1.636,1.819,1.748,1.975,1.739,1.572,1.936,2.257,3.102,5.003,6.676,7.451,8.687,10.43,9.315,10.701,12.183,12.411,12.994,14.003,10.952,10.202,10.079,11.036,10.934,10.742,12.531,13.269,13.983,14.961,16.009,17.031
Chile,28.828,34.133,25.45,20.673,20.104,17.238,18.531,21.856,25.765,29.679,32.998,37.981,46.27,49.505,57.113,73.599,78.023,84.908,81.561,75.097,77.817,70.971,69.73,75.643,99.226,123,154.864,173.569,179.484,172.526,218.321,252.097,267.021,278.346,260.472,243.888,250.326,276.9,297.436,279.27,252.756,307.938,327.9,344.806,361.682,379.171,398.63
"China, People's Republic of",303.027,288.734,284.608,305.426,314.224,310.151,300.924,327.719,408.652,458.167,396.58,413.217,492.155,617.429,561.687,731.018,860.476,957.993,1024.172,1088.335,1205.519,1333.665,1465.837,1656.954,1949.492,2290.094,2754.113,3555.679,4577.397,5088.993,6033.813,7492.257,8539.472,9625.044,10524.211,11113.528,11227.075,12265.317,13841.901,14340.6,14722.837,16642.318,18013.395,19423.482,20910.471,22481.433,24127.83
Colombia,46.482,50.64,54.23,53.898,53.235,48.561,48.628,50.619,54.57,55.026,56.048,57.931,68.551,77.689,97.625,110.518,116.083,127.438,117.677,103.09,99.229,97.566,97.313,94.033,116.335,145.6,161.793,206.23,242.504,232.469,286.499,334.966,370.692,382.094,381.24,293.492,282.72,311.889,334.124,323.375,271.463,295.61,313.438,333.249,354.1,376.616,399.941
Comoros,0.242,0.212,0.201,0.195,0.188,0.191,0.257,0.312,0.336,0.328,0.401,0.4,0.436,0.427,0.314,0.392,0.392,0.362,0.363,0.372,0.339,0.373,0.427,0.547,0.622,0.656,0.689,0.796,0.916,0.904,0.909,1.023,1.016,1.116,1.15,0.966,1.013,1.077,1.179,1.19,1.222,1.309,1.39,1.464,1.546,1.631,1.725
"Congo, Dem. Rep. of the",68.606,59.726,64.939,52.378,34.951,31.943,35.84,33.932,39.314,40.006,41.448,40.25,36.333,47.45,25.746,25.021,32.099,28.819,21.089,19.147,19.077,7.246,8.72,9.022,10.275,12.069,14.376,16.778,19.548,18.495,21.541,25.853,29.35,32.695,35.911,37.915,36.64,37.615,47.099,50.418,49.077,55.088,58.17,61.675,66.059,70.363,74.833
"Congo, Republic of ",2.165,1.775,1.548,1.407,1.294,1.327,1.815,2.205,2.346,2.478,2.909,3.035,3.28,3.004,2.068,2.457,2.84,2.568,2.24,2.646,3.624,3.038,3.33,3.863,5.101,6.654,8.073,8.784,11.649,9.713,13.159,15.653,17.704,17.959,17.918,11.891,10.159,11.11,13.402,12.542,10.232,12.022,12.366,13.246,13.753,14.398,14.844
Costa Rica,4.854,2.636,2.619,3.162,3.678,3.941,4.425,4.554,4.636,5.25,5.737,7.197,8.566,9.586,10.489,11.578,11.683,12.618,13.688,14.259,15.016,15.979,16.584,17.277,18.615,20.049,22.717,26.885,30.802,30.746,37.656,42.762,47.231,50.949,52.017,56.442,58.847,60.517,62.338,63.946,61.45,61.178,64.503,67.91,71.604,75.671,80.381
Croatia,no data,no data,no data,no data,no data,no data,no data,no data,no data,no data,no data,no data,12.168,12.885,17.237,22.243,23.449,23.819,25.182,23.223,21.634,23.055,26.814,34.682,41.587,45.377,50.423,60.073,70.234,62.6,59.919,62.538,56.581,58.194,57.64,49.526,51.601,55.482,61.375,60.759,56.925,65.217,70.661,75.882,80.985,87.253,91.957
Cyprus,2.314,2.242,2.319,2.321,2.447,2.611,3.317,3.979,4.589,4.901,6.003,6.195,7.424,7.098,8.004,9.937,10.016,9.544,10.251,10.502,9.988,10.397,11.422,14.552,17.328,18.713,20.422,24.082,27.955,26.02,25.753,27.56,24.993,23.9,23.162,19.844,20.947,22.721,25.322,24.953,23.967,26.479,28.297,29.788,31.284,32.819,34.51
Czech Republic,no data,no data,no data,no data,no data,no data,no data,no data,no data,no data,no data,no data,no data,no data,no data,60.139,67.388,62.171,66.782,65.173,61.823,67.809,82.184,100.125,119.815,137.143,156.264,189.988,237.131,207.558,209.07,229.563,208.858,211.686,209.359,188.033,196.272,218.629,248.95,250.686,241.455,276.109,297.029,314.258,330.861,346.676,361.675
Côte d'Ivoire,13.877,11.501,10.32,9.312,9.284,9.47,12.675,13.944,14.092,13.487,14.923,14.504,15.416,15.268,11.492,15.205,16.78,16.203,17.433,17.114,14.851,15.485,17.147,21.205,22.924,23.625,24.628,28.158,33.621,33.693,34.431,35.529,37.03,43.228,48.882,45.815,47.964,51.588,58.011,58.539,61.402,70.991,77.334,83.564,90.214,97.251,104.696
Denmark,71.127,61.878,60.413,60.645,59.105,62.658,88.079,109.414,115.552,112.41,138.248,139.226,152.915,143.195,156.164,185.008,187.633,173.539,176.991,177.964,164.158,164.791,178.635,218.097,251.375,264.467,282.886,319.424,353.359,321.243,321.995,344.003,327.149,343.584,352.994,302.673,313.116,332.121,356.88,350.104,352.243,392.57,411.248,428.86,447.919,468.522,490.577
Djibouti,no data,no data,no data,no data,no data,no data,no data,no data,no data,no data,0.635,0.649,0.671,0.654,0.69,0.699,0.693,0.706,0.722,0.759,0.78,0.811,0.837,0.881,0.935,0.995,1.079,1.19,1.381,1.425,1.542,1.739,1.9,2.043,2.216,2.445,2.619,2.767,3.013,3.346,3.408,3.663,3.944,4.264,4.61,4.984,5.389
Dominica,0.073,0.082,0.09,0.099,0.109,0.119,0.135,0.152,0.171,0.185,0.201,0.22,0.234,0.246,0.264,0.275,0.292,0.303,0.322,0.332,0.333,0.34,0.333,0.343,0.367,0.364,0.39,0.421,0.458,0.489,0.494,0.501,0.486,0.502,0.524,0.541,0.575,0.522,0.53,0.579,0.517,0.523,0.565,0.599,0.629,0.656,0.68
Dominican Republic,8.672,9.698,9.141,9.461,14.87,6.496,7.891,8.305,7.605,8.589,7.995,9.887,11.605,13.081,14.645,16.637,18.242,20.017,21.672,22.137,24.306,25.602,27.249,21.518,22.506,35.948,37.998,44.067,48.206,48.319,53.921,58.088,60.747,62.758,67.264,71.254,75.777,80.082,85.63,89.032,78.731,83.917,90.05,96.66,103.623,111.179,119.319
Ecuador,16.84,17.243,17.214,15.129,16.101,18.83,13.816,12.91,12.277,12.049,12.236,13.73,15.012,17.537,21.147,22.968,24.035,27.009,27.474,19.74,18.319,24.468,28.549,32.433,36.592,41.507,46.802,51.008,61.763,62.52,69.555,79.277,87.925,95.13,101.726,99.29,99.938,104.296,107.562,108.108,96.665,100.595,103.874,106.806,110.131,113.905,118.046
Egypt,23.523,25.76,30.479,37.254,41.888,48.841,54.076,77.359,92.53,115.362,96.087,48.431,44.168,49.526,54.55,63.25,71.118,79.777,89.189,95.039,104.752,102.273,90.261,85.163,82.855,94.127,112.902,137.055,170.797,198.316,230.024,247.726,278.769,288.007,305.567,332.075,332.484,236.528,250.253,302.335,361.847,394.284,429.573,465.08,496.613,538.339,602.683
El Salvador,3.912,3.449,3.406,3.261,2.385,2.319,2.335,2.374,2.771,3.167,4.818,5.252,5.813,6.68,7.679,8.922,9.586,10.222,10.937,11.284,11.785,12.283,12.664,13.244,13.725,14.698,16,17.012,17.987,17.602,18.448,20.284,21.386,21.991,22.593,23.438,24.191,24.979,26.117,27.023,24.609,26.277,27.474,28.581,29.63,30.597,31.564
Equatorial Guinea,0.032,0.03,0.035,0.04,0.044,0.074,0.091,0.111,0.119,0.105,0.133,0.132,0.16,0.162,0.12,0.169,0.276,0.526,0.44,0.738,1.159,1.674,2.071,3.768,5.954,8.187,10.095,13.089,19.83,15.088,16.314,21.357,22.388,21.949,21.765,13.185,11.241,12.201,13.278,11.025,9.524,11.726,11.363,11.53,11.805,11.951,12.26
Eritrea,no data,no data,no data,no data,no data,no data,no data,no data,no data,no data,no data,no data,0.606,0.374,0.433,0.483,0.579,0.594,0.626,0.614,0.547,0.582,0.564,0.673,0.858,0.85,0.937,1.02,0.923,1.297,1.59,2.065,2.255,1.958,2.604,2.016,2.213,1.904,2.006,1.982,2.086,2.25,2.418,2.559,2.708,2.868,3.038
Estonia,no data,no data,no data,no data,no data,no data,no data,no data,no data,no data,no data,no data,no data,1.788,2.505,3.905,4.779,5.153,5.67,5.777,5.714,6.274,7.396,9.895,12.157,14.117,17.036,22.473,24.463,19.804,19.73,23.421,23.206,25.279,26.816,23.06,24.269,26.942,30.645,31.475,31.005,35.187,38.24,40.677,43.177,45.628,48.185
Eswatini,0.754,0.798,0.714,0.734,0.628,0.497,0.635,0.831,0.986,1.006,1.237,1.285,1.425,1.497,1.621,1.932,1.83,1.957,1.797,1.764,1.739,1.544,1.436,2.198,2.774,3.177,3.293,3.465,3.298,3.596,4.438,4.826,4.887,4.6,4.426,4.061,3.815,4.407,4.666,4.471,3.949,4.226,4.367,4.503,4.695,4.902,5.359
Ethiopia,7.385,7.578,7.973,8.863,8.375,9.808,10.188,10.89,11.285,11.872,12.595,13.928,14.696,9.143,8.135,7.887,8.794,8.621,7.815,7.515,8.167,8.103,7.828,8.604,10.122,12.387,15.31,19.329,26.25,28.672,26.887,30.48,42.221,46.544,54.165,63.081,72.12,76.841,80.207,92.608,96.611,93.966,92.907,101.965,113.619,125.51,138.804
Fiji,1.303,1.339,1.293,1.217,1.276,1.236,1.398,1.276,1.202,1.281,1.448,1.5,1.659,1.772,1.977,2.134,2.307,2.268,1.795,2.104,1.824,1.798,1.996,2.509,2.954,3.257,3.361,3.688,3.816,3.106,3.402,4.094,4.303,4.539,4.857,4.682,4.93,5.353,5.581,5.497,4.316,4.586,5.124,5.593,6.008,6.386,6.762
Finland,53.714,52.62,53.111,51.056,53.032,56.223,73.652,91.775,109.255,119.106,141.718,128.194,113.134,89.279,103.739,134.339,132.183,127.076,134.212,135.398,126.075,129.534,140.305,171.609,197.39,204.999,217.101,256.408,285.685,253.222,249.628,275.556,258.454,271.366,274.934,234.558,240.705,255.558,276.112,268.996,270.637,300.484,317.341,328.661,339.105,349.485,360.002
France,702.243,618.954,588.015,562.499,532.339,557.561,772.838,935.117,1020.878,1026.179,1272.433,1273.594,1404.391,1324.236,1396.653,1602.13,1606.035,1454.555,1505.184,1494.634,1366.243,1377.667,1500.348,1844.083,2118.671,2198.16,2320.659,2660.905,2929.983,2697.955,2647.348,2864.653,2685.371,2811.918,2856.701,2439.436,2472.282,2594.235,2791.163,2717.204,2598.907,2938.271,3138.871,3242.496,3342.407,3442.448,3538.695
Gabon,4.559,4.111,3.853,3.689,3.547,3.736,4.889,3.699,4.079,4.458,6.339,5.754,5.955,5.757,4.463,5.281,6.064,5.673,4.774,4.966,5.397,5.023,5.332,6.51,7.767,9.468,10.164,12.457,15.57,12.188,14.384,18.207,17.181,17.596,18.209,14.385,14.02,14.924,16.875,16.875,15.642,18.362,18.768,19.278,19.952,20.873,22.1
"Gambia, The",0.606,0.579,0.548,0.551,0.396,0.482,0.376,0.504,0.585,0.614,0.721,0.76,0.82,0.878,0.87,0.909,0.949,0.983,1.009,1.036,1.01,1.002,0.887,0.843,0.962,1.028,1.054,1.28,1.562,1.45,1.543,1.41,1.415,1.376,1.229,1.355,1.47,1.498,1.662,1.818,1.913,2.078,2.264,2.471,2.686,2.919,3.173
Georgia,no data,no data,no data,no data,no data,no data,no data,no data,no data,no data,no data,no data,no data,no data,0.85,1.961,3.149,3.609,3.708,2.884,3.143,3.309,3.491,4.103,5.27,6.591,7.963,10.459,13.154,11.069,12.243,15.107,16.489,17.19,17.627,14.953,15.141,16.242,17.599,17.477,15.733,16.163,18,19.643,21.319,23.143,25.078
Germany,853.705,718.264,693.547,691.912,651.9,661.037,944.124,1174.861,1266.623,1257.393,1598.64,1875.618,2136.312,2072.457,2209.934,2588.002,2498.113,2214.694,2242.065,2197.125,1948.843,1945.804,2077.016,2501.014,2813.076,2848.438,2994.862,3425.982,3744.854,3407.557,3402.444,3748.655,3529.377,3733.859,3890.095,3357.926,3468.896,3681.303,3965.565,3861.55,3803.014,4319.286,4598.116,4757.65,4923.011,5084.347,5253.101
Ghana,38.219,61.792,72.038,48.515,17.332,15.379,14.228,11.932,12.678,12.897,14.898,16.673,16.485,13.383,12.303,14.544,15.458,15.786,17.153,17.756,11.467,12.227,14.2,17.494,20.244,24.521,28.785,33.942,38.414,34.254,43.043,53.645,56.505,63.279,53.173,48.595,54.989,58.978,65.518,66.998,68.418,74.26,79.737,84.593,90.127,96.301,103.125
Greece,56.529,52.161,54.415,49.184,47.922,47.532,55.945,65.129,75.803,78.582,97.137,104.742,115.484,108.103,115.694,135.786,144.642,142.117,143.424,148.151,131.082,135.16,153.152,200.613,238.823,245.92,271.254,316.25,352.866,328.156,297.368,282.946,242.193,238.555,235.669,195.416,192.81,200.055,212.346,205.349,189.259,209.857,224.819,232.676,240.065,247.917,255.831
Grenada,0.111,0.116,0.125,0.132,0.146,0.168,0.188,0.215,0.236,0.267,0.278,0.301,0.31,0.31,0.325,0.342,0.367,0.392,0.446,0.482,0.52,0.52,0.54,0.591,0.599,0.695,0.699,0.759,0.826,0.771,0.771,0.779,0.8,0.843,0.911,0.997,1.062,1.126,1.169,1.205,1.037,1.041,1.116,1.197,1.266,1.327,1.392
Guatemala,7.718,8.431,8.539,8.864,9.276,10.951,5.921,6.857,7.426,8.561,7.493,9.161,10.15,11.032,12.501,14.04,14.993,16.981,18.441,17.391,18.124,19.736,21.924,23.092,24.977,28.179,31.308,35.028,40.242,37.996,41.492,47.419,49.902,52.989,57.835,62.18,66.034,71.583,73.121,76.694,77.073,81.402,84.901,89.345,95.329,101.753,108.621
Guinea,2.4,2.381,2.335,2.284,2.327,2.473,2.675,2.84,3.317,3.384,3.71,4.195,4.57,4.562,4.707,5.139,5.316,5.212,5.003,4.798,4.039,3.806,4.022,4.759,5.054,4.506,4.178,6.317,6.966,6.753,6.858,6.034,7.304,8.374,8.79,8.79,8.604,10.337,12.181,13.797,15.455,16.339,17.428,18.631,19.893,21.261,22.731
Guinea-Bissau,0.289,0.37,0.421,0.475,0.33,0.485,0.474,0.401,0.374,0.449,0.548,0.772,0.846,0.653,0.361,0.778,0.741,0.704,0.592,0.58,0.392,0.413,0.466,0.553,0.582,0.64,0.635,0.753,0.953,0.889,0.941,1.157,1.05,1.11,1.136,1.153,1.245,1.469,1.506,1.44,1.434,1.647,1.783,1.929,2.086,2.252,2.43
Guyana,0.842,0.808,0.692,0.703,0.654,0.697,0.789,0.728,0.828,0.832,0.685,0.744,0.823,1.003,1.176,1.332,1.495,1.587,1.5,1.488,1.497,1.504,1.555,1.592,1.657,1.712,1.899,2.225,2.491,2.596,2.889,3.328,4.063,4.168,4.128,4.28,4.483,4.748,4.788,5.174,5.766,7.255,9.079,10.881,11.338,11.918,12.569
Haiti,2.685,2.956,3.074,3.3,3.656,4.06,4.511,2.223,1.461,1.351,1.72,1.542,0.926,1.115,3.079,4.885,5.041,5.794,6.46,7.206,6.865,6.318,6.112,5.041,6.006,7.052,7.398,9.316,10.389,11.271,11.655,13.009,13.709,14.5,14.789,14.856,13.732,14.214,15.965,14.334,14.286,22.431,22.644,23.677,24.612,25.587,26.566
Honduras,3.508,3.855,3.97,4.207,4.538,4.976,5.207,5.678,6.324,7.065,4.169,4.195,4.675,4.794,4.693,5.415,5.217,5.736,6.366,6.417,7.104,7.566,7.775,8.14,8.772,9.672,10.842,12.275,13.79,14.486,15.73,17.65,18.527,18.497,19.755,20.978,21.714,23.137,23.857,24.921,23.691,26.161,27.561,29.092,30.793,32.639,34.669
Hong Kong SAR,28.862,31.055,32.291,29.907,33.511,35.7,41.076,50.623,59.708,68.79,76.929,88.96,104.272,120.354,135.812,144.652,159.718,177.349,168.858,165.734,171.643,169.381,166.336,161.37,169.085,181.556,193.515,211.583,219.279,214.048,228.639,248.514,262.629,275.697,291.46,309.386,320.84,341.242,361.692,365.708,349.445,368.633,388.8,409.034,430.528,453.573,478.104
Hungary,23.042,23.629,24.064,21.839,21.174,21.441,24.698,27.144,29.703,30.323,34.366,34.754,38.731,40.125,43.167,46.426,46.659,47.297,48.707,49.073,47.218,53.75,67.609,85.302,103.96,112.981,115.577,139.966,158.136,130.76,131.917,141.76,128.475,135.412,140.765,125.074,128.471,142.962,160.419,163.459,154.562,176.543,194.141,207.011,219.239,230.536,242.339
Iceland,3.434,3.544,3.253,2.795,2.894,3.012,4.017,5.566,6.149,5.705,6.51,6.955,7.112,6.232,6.399,7.131,7.48,7.57,8.504,8.982,9.026,8.235,9.318,11.429,13.825,16.853,17.465,21.653,18.075,13.154,13.751,15.222,14.752,16.125,17.868,17.517,20.793,24.728,26.224,24.837,21.715,24.155,25.159,25.823,27.014,28.431,29.956
India,189.438,196.535,203.537,222.049,215.556,237.618,252.751,283.75,299.645,301.234,326.608,274.842,293.262,284.194,333.014,366.6,399.791,423.189,428.767,466.841,476.636,493.934,523.768,618.369,721.589,834.218,949.118,1238.7,1224.096,1365.373,1708.46,1823.052,1827.637,1856.721,2039.127,2103.588,2294.118,2651.474,2701.112,2870.504,2708.77,3049.704,3312.949,3591.026,3884.732,4199.012,4534.338
Indonesia,99.296,110.848,113.799,103.149,107.218,107.062,101.22,95.214,107.279,122.582,138.258,154.558,168.28,190.913,213.727,244.227,274.722,260.68,115.323,169.158,179.482,174.507,212.807,255.428,279.556,310.815,396.293,470.144,558.582,577.539,755.256,892.59,919.002,916.646,891.051,860.741,932.066,1015.488,1042.711,1120.042,1059.638,1158.783,1256.282,1360.257,1458.742,1561.954,1672.542
Iran,107.697,111.884,128.136,163.488,172.871,180.301,210.514,283.81,307.885,369.961,588.399,299.168,50.109,65.37,82.434,117.803,161.829,185.835,205.711,273.622,362.717,316.205,129.15,151.897,187.546,224.764,265.479,350.068,405.568,414.013,486.774,580.113,392.295,400.087,433.088,385.023,418.064,445.528,456.59,581.252,635.724,682.859,714.707,739.807,766.087,794.309,824.649
Iraq,no data,no data,no data,no data,no data,no data,no data,no data,no data,no data,no data,no data,no data,no data,no data,no data,no data,no data,10.469,18.449,25.857,18.936,18.97,15.8,36.642,50.065,65.144,88.833,131.614,111.66,138.517,185.75,218.032,234.638,234.651,177.634,167.716,192.343,216.946,222.434,172.119,190.733,203.292,216.953,230.008,242.946,258.184
Ireland,21.38,20.38,21.268,20.575,19.842,21.123,28.456,33.589,36.797,37.95,48.098,48.738,54.796,51.256,55.725,69.114,75.768,82.783,90.421,99.009,100.136,109.319,128.535,164.488,194.556,211.941,232.257,270.296,275.894,236.871,222.723,237.905,225.185,238.264,258.889,292.037,299.145,337.545,386.689,398.379,418.716,476.663,515.447,545.815,572.851,599.565,627.013
Israel,23.927,25.352,27.171,30.303,28.687,26.663,32.824,39.205,48.565,49.414,58.309,66.144,73.911,74.285,84.797,100.735,110.43,114.979,116.209,117.373,132.704,131.058,121.411,127.329,135.729,142.661,154.157,179.069,216.338,207.498,234,261.014,257.173,292.693,310.048,300.123,318.617,352.668,370.456,394.652,402.639,446.708,471.411,495.614,519.391,542.842,566.63
Italy,482.019,437.124,432.001,448.304,442.925,457.397,647.819,813.082,900.829,936.906,1169.289,1235.139,1310.659,1053.939,1087.066,1175.276,1312.783,1243.228,1271.701,1253.691,1147.184,1168.031,1275.866,1577.226,1805.722,1859.244,1949.655,2213.365,2408.392,2197.54,2137.845,2294.591,2088.278,2141.954,2162.567,1836.824,1876.554,1961.105,2093.089,2005.135,1884.935,2106.287,2231.938,2295.732,2348.232,2400.011,2451.376
Jamaica,2.565,2.817,3.235,2.875,2.119,1.993,2.369,2.672,3.184,3.692,4.663,4.285,4.328,5.44,5.453,6.549,7.394,8.4,8.787,8.887,9.065,9.195,9.719,9.43,10.175,11.233,11.946,12.881,13.743,12.107,13.193,14.413,14.765,14.213,13.865,14.154,14.108,14.755,15.648,15.808,13.948,14.6,15.939,17.01,17.915,18.745,19.604
Japan,1127.876,1243.79,1157.601,1268.62,1345.204,1427.354,2121.25,2584.339,3134.179,3117.068,3196.556,3657.348,3988.334,4544.766,4998.797,5545.567,4923.393,4492.449,4098.362,4635.981,4968.359,4374.71,4182.845,4519.563,4893.135,4831.466,4601.663,4579.749,5106.679,5289.494,5759.072,6233.147,6272.364,5212.328,4896.995,4444.931,5003.678,4930.837,5036.892,5148.781,5048.688,5378.136,5653.462,5977.364,6170.367,6351.098,6533.023
Jordan,4.03,4.525,4.83,5.075,5.127,5.157,6.604,6.962,6.522,4.385,4.29,4.481,5.537,5.704,6.391,6.857,7.145,7.472,8.159,8.403,8.725,9.255,9.882,10.514,11.768,12.982,15.527,17.645,22.648,24.538,27.134,29.524,31.679,34.503,36.9,38.642,39.949,41.467,42.993,44.566,43.481,44.979,47.117,49.792,52.721,55.823,59.106
Kazakhstan,no data,no data,no data,no data,no data,no data,no data,no data,no data,no data,no data,no data,2.875,5.152,11.881,16.639,21.035,22.166,22.135,16.87,18.292,22.153,24.637,30.834,43.152,57.125,81.003,104.85,133.442,115.309,148.047,192.626,207.999,236.635,221.416,184.388,137.289,166.806,179.34,181.667,164.792,187.836,198.08,211.422,223.73,236.631,252.133
Kenya,10.099,9.513,9.159,8.47,8.788,8.746,10.387,11.387,11.806,11.705,12.18,11.501,11.327,7.869,9.422,11.944,13.565,13.742,15.739,14.353,14.136,14.536,14.764,16.796,18.064,21.001,25.826,31.959,35.895,37.022,40,41.671,50.422,55.125,61.546,64.235,69.19,78.896,87.801,95.41,99.287,106.041,112.75,120.936,130.16,140.399,151.623
Kiribati,0.042,0.044,0.041,0.038,0.042,0.032,0.031,0.036,0.045,0.044,0.043,0.047,0.048,0.047,0.055,0.056,0.067,0.067,0.066,0.069,0.068,0.063,0.072,0.091,0.103,0.112,0.11,0.133,0.144,0.134,0.157,0.182,0.19,0.186,0.18,0.171,0.178,0.187,0.2,0.198,0.2,0.231,0.243,0.254,0.264,0.274,0.284
"Korea, Republic of",65.368,72.934,78.349,87.761,97.511,101.296,116.836,147.949,199.593,246.929,283.365,330.658,355.516,392.731,463.432,566.595,610.164,570.594,382.855,497.254,576.483,547.743,626.989,702.696,792.532,934.708,1052.61,1172.465,1049.168,943.739,1143.568,1253.419,1278.046,1370.633,1484.489,1466.039,1499.362,1623.074,1725.373,1646.739,1630.871,1806.707,1885.676,1967.85,2052.934,2137.993,2220.715
Kosovo,no data,no data,no data,no data,no data,no data,no data,no data,no data,no data,no data,no data,no data,no data,no data,no data,no data,no data,no data,no data,2.092,2.509,2.691,3.348,3.621,3.738,3.918,4.743,5.71,5.67,5.841,6.7,6.504,7.074,7.398,6.444,6.717,7.243,7.947,7.953,7.789,8.81,9.586,10.16,10.773,11.38,11.956
Kuwait,28.724,25.249,21.583,20.317,21.457,21.54,17.376,20.817,19.281,23.855,18.293,10.826,19.866,23.996,24.796,27.189,31.492,30.35,25.944,30.123,37.721,34.886,38.135,47.844,59.439,80.807,101.559,114.677,147.402,105.992,115.401,154.02,174.066,174.179,162.695,114.606,109.381,120.687,140.665,134.624,107.936,126.93,129.704,133.066,137.539,143.068,150.158
Kyrgyz Republic,no data,no data,no data,no data,no data,no data,no data,no data,no data,no data,no data,no data,0.917,0.665,1.108,1.493,1.822,1.767,1.63,1.242,1.368,1.525,1.606,1.92,2.214,2.459,2.837,3.807,5.139,4.69,4.794,6.198,6.604,7.335,7.467,6.678,6.813,7.703,8.271,8.455,7.471,7.47,7.921,8.417,8.93,9.479,10.006
Lao P.D.R.,1.913,1.118,1.119,2.047,2.93,3.685,2.577,1.815,1.182,1.46,1.742,2.053,2.354,2.652,3.081,3.579,3.726,3.515,1.334,1.415,1.72,1.757,1.844,2.259,2.649,3.049,3.915,4.757,5.948,6.431,7.504,8.963,10.195,11.974,13.266,14.363,15.905,17.056,18.133,18.807,19.078,20.44,21.905,23.462,25.113,26.946,28.895
Latvia,no data,no data,no data,no data,no data,no data,no data,no data,no data,no data,no data,no data,1.693,2.727,4.53,5.407,5.969,6.523,7.162,7.527,7.953,8.352,9.552,11.754,14.406,16.986,21.536,31.05,35.924,26.386,23.911,28.649,28.346,30.442,31.379,27.253,28.064,30.448,34.432,34.059,33.478,37.72,40.965,43.339,45.696,48.11,50.577
Lebanon,4.019,3.841,2.62,3.61,4.268,3.565,2.779,3.253,3.268,2.681,2.8,4.391,5.47,7.432,8.986,10.967,12.82,15.53,17.054,17.168,17.013,17.355,18.831,19.48,21.153,21.497,22.023,24.827,29.119,35.4,38.444,39.927,44.036,46.909,48.134,49.939,51.205,53.141,54.961,52.572,19.126,no data,no data,no data,no data,no data,no data
Lesotho,0.437,0.443,0.369,0.406,0.363,0.29,0.333,0.435,0.494,0.514,0.62,0.703,0.815,0.814,0.859,0.965,0.914,0.963,0.888,0.871,0.847,0.701,0.767,1.109,1.384,1.484,1.519,1.759,1.652,1.937,2.356,2.571,2.465,2.345,2.477,2.207,2.219,2.356,2.32,2.289,2.068,2.458,2.641,2.805,2.922,3.045,3.222
Liberia,no data,no data,no data,no data,no data,no data,no data,no data,no data,no data,no data,no data,no data,no data,no data,no data,no data,no data,no data,no data,0.864,0.908,0.946,0.714,0.895,0.947,1.11,1.346,1.677,1.769,1.973,2.342,2.673,3.046,3.09,3.088,3.258,3.335,3.264,3.064,3.033,3.37,3.693,3.863,4.144,4.449,4.784
Libya,38.941,33.641,33.541,31.963,29.93,29.44,23.987,22.294,25.067,26.594,30.644,33.908,34.358,30.921,28.796,32.69,35.683,36.531,29.96,35.975,38.271,34.112,20.471,26.186,32.996,47.335,54.963,67.69,73.917,50.808,68.974,31.999,79.759,51.896,24.262,17.216,18.563,30.211,41.432,39.832,21.797,24.267,25.901,27.737,28.724,30.582,32.345
Lithuania,no data,no data,no data,no data,no data,no data,no data,no data,no data,no data,no data,no data,no data,no data,no data,6.696,8.383,10.119,11.24,10.972,11.525,12.238,14.257,18.782,22.624,26.115,30.203,39.764,48.03,37.475,37.195,43.584,42.952,46.537,48.611,41.44,43.035,47.742,53.747,54.633,55.688,62.198,66.087,69.42,72.752,76.065,79.213
Luxembourg,6.46,5.572,4.575,4.491,4.403,4.562,6.638,8.244,9.339,9.944,12.68,13.738,15.39,15.778,17.558,20.655,20.548,18.503,19.342,21.174,21.326,21.291,23.712,29.615,34.733,37.382,42.452,50.959,56.072,51.518,53.308,60.073,56.711,61.758,66.209,57.774,60.716,64.159,70.952,71.113,73.205,84.077,90.449,95.341,99.911,104.342,108.982
Macao SAR,no data,no data,no data,no data,no data,no data,no data,no data,no data,no data,no data,no data,no data,no data,no data,no data,no data,no data,no data,no data,no data,6.86,7.372,8.247,10.643,12.16,14.874,18.44,21.027,21.588,28.242,36.844,43.19,51.536,54.903,45.06,45.085,50.457,55.303,55.154,24.333,39.449,57.06,60.921,65.24,69.459,73.468
Madagascar,5.202,4.759,4.785,4.686,3.906,3.803,4.348,3.213,3.189,3.176,3.931,3.255,3.715,4.063,3.522,3.838,4.932,4.263,4.402,4.278,4.629,5.438,5.352,6.372,5.065,5.859,6.396,8.525,10.725,9.617,9.983,11.552,11.579,12.424,12.523,11.323,11.849,13.176,13.974,14.519,13.837,14.746,15.972,17.283,18.524,19.776,21.091
Malawi,2.146,2.146,2.046,2.121,2.095,1.962,2.048,2.013,2.314,2.639,2.999,3.821,3.12,3.591,2.081,2.423,3.956,4.619,3.036,3.08,3.023,2.967,3.496,3.211,3.476,3.656,3.998,4.431,5.321,6.195,6.957,7.984,5.981,5.432,6.055,6.402,5.492,6.23,6.911,7.663,8.488,9.268,9.598,9.93,10.341,10.779,11.383
Malaysia,26.757,27.321,29.278,32.745,37.087,34.09,30.303,34.529,37.845,41.678,47.236,53.514,64.424,72.858,81.121,96.75,109.839,109.098,78.609,86.203,102.149,101.054,109.833,120.025,135.869,150.345,170.412,202.733,241.763,211.854,258.641,302.184,318.91,327.869,342.868,301.355,301.255,319.109,358.713,364.684,338.276,387.093,417.209,453.228,487.996,525.042,564.641
Maldives,0.063,0.073,0.087,0.094,0.113,0.134,0.158,0.149,0.178,0.201,0.231,0.262,0.306,0.346,0.382,0.466,0.527,0.652,0.693,0.756,0.801,0.767,0.828,1.052,1.227,1.163,1.575,1.868,2.272,2.345,2.588,2.629,2.885,3.286,3.69,4.098,4.367,4.747,5.293,5.632,3.755,4.536,5.252,6.035,6.547,7.051,7.588
Mali,2.031,1.66,1.468,1.418,1.416,1.426,1.981,2.308,2.316,2.827,3.223,3.284,3.372,3.362,2.575,3.337,3.416,3.208,3.328,3.444,2.963,3.468,3.905,4.713,5.452,6.251,6.906,8.157,9.837,10.221,10.698,12.993,12.45,13.243,14.369,13.106,14.022,15.36,17.079,17.308,17.639,19.912,21.824,23.434,25.131,26.649,28.827
Malta,1.202,1.174,1.109,1.083,1.025,1.038,1.348,1.682,1.909,1.999,2.401,2.611,2.906,2.59,2.868,3.38,3.446,3.489,3.697,3.858,4.075,4.089,4.478,5.455,6.102,6.415,6.811,7.989,9.127,8.721,9.043,9.637,9.468,10.551,11.629,11.093,11.698,13.217,14.872,15.218,14.559,16.476,17.901,19.041,20.288,21.632,23.05
Marshall Islands,no data,no data,no data,no data,no data,no data,no data,no data,no data,no data,no data,no data,no data,no data,no data,no data,no data,0.111,0.114,0.115,0.115,0.122,0.132,0.131,0.133,0.137,0.142,0.148,0.152,0.15,0.16,0.172,0.181,0.185,0.182,0.184,0.201,0.212,0.222,0.239,0.234,0.234,0.247,0.258,0.269,0.279,0.289
Mauritania,no data,no data,no data,no data,no data,no data,no data,no data,no data,no data,1.793,2.055,2.164,1.847,1.945,2.092,2.132,2.072,2.027,1.986,1.78,1.746,1.777,2.051,2.362,2.936,4.009,4.328,5.138,4.725,5.637,6.782,6.721,7.331,6.615,6.182,6.414,6.784,7.048,7.93,8.176,9.239,8.724,9.21,9.748,10.195,10.685
Mauritius,1.225,1.163,1.116,1.182,1.094,1.107,1.495,1.893,2.196,2.256,2.706,2.977,3.352,3.455,3.835,4.38,4.529,4.253,4.296,4.536,4.869,4.817,5.055,6.073,6.869,6.775,7.029,8.15,9.99,9.129,10.004,11.518,11.669,12.13,12.803,11.692,12.232,13.259,14.182,14.048,11.396,12.212,13.39,14.077,14.599,15.117,15.7
Mexico,228.606,293.61,213.077,173.714,204.86,217.388,150.513,165.058,201.926,246.079,290.402,348.139,403.733,500.795,527.811,360.096,410.973,500.416,526.522,600.225,707.909,756.693,772.11,729.335,782.243,877.477,975.383,1052.697,1109.987,900.047,1057.801,1180.487,1201.094,1274.444,1315.356,1171.87,1078.493,1158.912,1222.346,1268.868,1076.163,1192.48,1251.085,1307.814,1368.868,1430.835,1494.678
"Micronesia, Fed. States of",no data,no data,no data,no data,no data,no data,no data,no data,no data,no data,no data,no data,no data,no data,no data,0.221,0.218,0.207,0.219,0.22,0.233,0.241,0.242,0.245,0.24,0.25,0.253,0.257,0.263,0.28,0.297,0.311,0.327,0.317,0.319,0.316,0.332,0.367,0.402,0.413,0.408,0.401,0.421,0.438,0.45,0.462,0.474
Moldova,no data,no data,no data,no data,no data,no data,no data,no data,no data,no data,no data,no data,0.864,1.11,1.158,1.441,1.694,1.928,1.697,1.172,1.315,1.481,1.662,1.981,2.598,2.988,3.408,4.401,6.055,5.438,6.977,8.417,8.708,9.496,9.51,7.726,8.072,9.67,11.309,11.956,11.5,11.998,12.577,13.21,13.875,14.573,15.398
Mongolia,3.188,3.336,3.463,3.59,3.316,3.851,4.25,4.776,4.797,4.997,3.131,3.297,1.831,0.901,1.083,1.697,1.576,1.381,1.315,1.236,1.329,1.485,1.634,1.864,2.319,2.523,3.414,4.235,5.623,4.584,7.185,10.41,12.278,12.582,12.227,11.75,11.159,11.426,13.138,13.997,13.137,14.233,15.619,16.91,18.132,19.448,20.868
Montenegro,no data,no data,no data,no data,no data,no data,no data,no data,no data,no data,no data,no data,no data,no data,no data,no data,no data,no data,no data,no data,0.966,1.15,1.269,1.681,2.073,2.261,2.724,3.686,4.564,4.171,4.146,4.544,4.09,4.466,4.595,4.055,4.376,4.855,5.509,5.543,4.79,5.651,6.106,6.458,6.774,7.092,7.426
Morocco,21.998,17.86,18.028,16.296,14.904,15.043,19.864,21.911,25.947,26.706,30.18,32.286,33.712,31.656,35.605,39.029,43.162,39.147,41.806,41.632,38.859,39.46,42.238,52.064,59.626,62.343,68.641,79.041,92.507,92.897,93.217,101.371,98.266,106.826,110.081,101.179,103.312,109.683,118.096,119.701,113.548,124.003,131.309,138.351,145.82,153.764,161.96
Mozambique,4.615,3.585,3.662,3.28,3.417,4.516,5.301,2.395,2.105,2.199,3.529,3.704,2.584,2.651,2.848,2.959,4.163,4.976,5.625,5.928,5.39,5.31,5.626,6.254,7.589,8.512,9.303,10.534,12.64,12.261,11.418,14.382,16.257,16.968,17.623,15.951,11.937,13.15,14.71,15.195,14.385,13.957,14.889,16.635,19.08,21.914,23.594
Myanmar,no data,no data,no data,no data,no data,no data,no data,no data,no data,no data,no data,no data,no data,no data,no data,no data,no data,no data,5.154,6.439,7.736,7.131,6.921,8.881,10.754,12.126,13.585,17.855,25.47,30.864,38.084,53.916,59,60.903,63.153,62.655,60.09,61.267,66.699,68.802,81.257,76.195,79.415,85.204,91.807,98.922,106.654
Namibia,no data,no data,no data,no data,no data,no data,no data,no data,no data,2.605,2.838,2.854,3.014,2.891,3.254,3.503,3.494,3.636,3.215,3.384,3.911,3.55,3.369,4.932,6.617,7.258,7.984,8.73,8.496,8.915,11.281,12.423,13.016,12.168,12.434,11.45,10.719,12.883,13.672,12.541,10.564,11.381,12.023,12.582,13.128,13.705,14.322
Nauru,no data,no data,no data,no data,no data,no data,no data,no data,no data,no data,no data,no data,no data,no data,no data,no data,no data,no data,no data,no data,no data,no data,no data,no data,0.032,0.031,0.029,0.023,0.037,0.044,0.047,0.066,0.097,0.099,0.105,0.087,0.1,0.11,0.124,0.119,0.114,0.133,0.143,0.148,0.151,0.153,0.157
Nepal,2.263,2.647,2.675,2.927,3.096,3.215,3.499,3.629,4.279,4.326,4.452,4.872,4.426,4.754,4.965,5.391,5.557,6.04,6.006,6.177,6.551,6.734,6.832,7.234,8.315,9.351,10.339,11.803,14.342,14.696,18.293,21.733,21.703,22.161,22.722,24.361,24.524,28.972,33.112,34.187,34.465,36.084,38.679,42.22,45.761,49.392,53.285
Netherlands,193.758,162.4,157.338,153.179,142.578,144.655,201.599,246.928,264.223,260.532,321.405,331.097,366.004,355.931,382.55,452.71,450.625,417.329,438.61,447.493,417.664,431.59,473.527,579.925,658.081,685.727,733.994,848.659,951.766,870.572,848.073,905.111,839.455,877.186,892.398,765.65,783.844,833.575,914.458,907.151,909.503,1012.598,1073.229,1113.023,1150.973,1189.542,1229.129
New Zealand,22.52,23.439,23.205,22.453,22.347,22.508,27.39,36.927,45.442,44.062,45.774,43.446,41.525,44.797,52.873,62.214,69.062,68.889,56.778,58.849,54.14,53.107,62.046,82.469,101.577,113.206,109.697,134.836,135.36,121.755,145.288,166.944,175.044,187.105,200.139,176.193,185.962,203.817,209.827,210.224,209.329,243.332,253.908,265.463,279.186,294.172,309.909
Nicaragua,1.832,2.156,2.497,2.9,3.966,3.854,5.8,3.409,1.499,2.082,0.519,3.678,3.894,3.726,3.861,4.14,4.308,4.39,4.635,4.856,5.109,5.335,5.224,5.322,5.793,6.321,6.764,7.423,8.497,8.297,8.759,9.774,10.532,10.983,11.88,12.757,13.286,13.786,13.064,12.535,12.146,12.283,12.676,12.992,13.29,13.669,14.217
Niger,3.531,3.056,2.84,2.538,2.056,2.027,2.68,3.143,3.21,3.068,3.491,3.271,3.372,3.041,1.935,2.296,2.397,2.285,2.639,2.532,2.235,2.442,2.772,3.382,3.746,4.372,4.743,5.716,7.279,7.324,7.838,8.754,9.412,10.206,10.83,9.684,10.35,11.185,12.85,12.912,13.698,15.899,18.528,21.047,22.93,24.861,26.835
Nigeria,no data,no data,no data,no data,no data,no data,no data,no data,no data,no data,62.165,60.131,52.275,56.807,80.128,132.23,172.686,187.866,209.677,57.477,67.824,73.128,93.983,102.935,130.345,169.645,222.791,262.215,330.26,297.458,369.062,414.095,460.952,514.966,568.499,492.437,404.649,375.745,421.737,448.12,429.423,514.049,588.419,668.853,757.212,853.809,964.232
North Macedonia ,no data,no data,no data,no data,no data,no data,no data,no data,no data,no data,no data,no data,2.443,2.687,3.561,4.687,4.642,3.928,3.764,3.867,3.774,3.709,3.991,4.946,5.684,6.257,6.86,8.337,9.912,9.4,9.415,10.499,9.751,10.824,11.378,10.067,10.686,11.336,12.694,12.55,12.288,13.821,14.855,15.749,16.681,17.645,18.658
Norway,64.439,63.597,62.647,61.627,62.058,65.417,78.693,94.231,101.901,102.634,119.791,121.872,130.838,120.579,127.132,152.031,163.52,161.357,154.163,162.285,171.246,173.973,195.525,228.858,264.51,308.884,345.579,400.939,462.25,386.188,428.757,498.283,509.506,522.762,498.41,385.802,368.827,398.394,437,405.51,362.009,444.519,463.201,477.476,489.498,502.236,515.685
Oman,6.342,7.719,8.1,8.491,9.358,10.395,8.229,8.628,8.386,9.372,11.686,11.341,12.452,12.494,12.919,13.803,15.277,15.837,13.997,15.593,19.507,19.452,20.143,21.634,24.764,31.082,37.216,42.085,60.905,48.388,57.048,68.017,76.616,78.784,81.077,68.919,65.481,70.598,79.789,76.331,63.192,74.115,79.283,81.264,83.28,85.207,87.738
Pakistan,30.938,36.599,40.004,37.35,40.549,40.545,41.522,43.401,49.981,52.11,52.298,59.413,63.563,67.274,67.813,79.25,82.758,81.598,81.224,76.919,79.653,77.644,78.258,89.943,105.562,117.798,137.267,152.398,169.726,167.125,176.738,213.308,223.119,230.644,243.94,270.17,278.023,304.603,313.073,276.114,262.799,no data,no data,no data,no data,no data,no data
Palau,no data,no data,no data,no data,no data,no data,no data,no data,no data,no data,no data,no data,no data,no data,no data,no data,no data,no data,no data,no data,0.146,0.157,0.163,0.154,0.165,0.185,0.189,0.195,0.198,0.184,0.184,0.193,0.212,0.224,0.244,0.279,0.297,0.288,0.285,0.28,0.254,0.229,0.255,0.296,0.307,0.319,0.332
Panama,4.104,4.645,5.132,5.269,5.5,5.818,6.046,6.073,5.25,5.264,5.723,6.292,7.153,7.812,8.33,8.515,10.04,10.849,11.762,12.326,12.502,12.704,13.204,13.915,15.255,16.638,18.438,21.296,25.156,27.117,29.44,34.686,40.43,45.6,49.921,54.092,57.908,62.203,64.928,66.788,52.938,59.377,63.039,67.514,72.308,77.442,82.94
Papua New Guinea,4.087,4.011,3.805,3.799,3.509,3.25,3.535,3.885,5.4,5.238,4.757,5.596,6.466,7.349,8.077,7.149,7.608,7.272,5.558,5.072,5.169,4.531,4.387,5.488,6.279,7.339,8.355,9.545,11.671,11.619,14.251,17.985,21.295,21.261,23.211,21.723,20.759,22.743,24.11,24.829,23.575,24.536,24.916,25.372,26.545,27.759,30.109
Paraguay,4.095,5.22,5.47,6.069,4.931,4.214,5.032,4.216,5.584,4.046,4.904,6.984,7.158,7.249,7.871,9.062,9.788,9.965,9.26,8.837,8.856,8.496,7.196,7.691,9.624,10.738,13.43,17.856,24.577,22.341,27.108,33.696,33.308,38.736,40.277,36.164,36.054,39.009,40.385,38.145,35.875,37.836,40.183,42.953,45.448,47.949,50.586
Peru,20.19,24.398,24.259,18.863,19.442,16.823,25.241,41.681,32.978,40.699,28.326,33.988,35.377,34.33,43.225,51.38,53.412,56.281,53.918,48.719,50.414,51.034,53.954,58.537,66.126,74.232,87.459,102.187,121.754,121.493,148.931,170.983,192.882,202.091,202.308,191.316,194.95,214.061,225.141,230.746,203.772,225.918,240.911,255.001,266.414,278.127,290.849
Philippines,37.082,40.735,42.441,37.953,35.86,34.973,34.129,37.932,43.293,48.652,50.508,51.784,60.422,62.037,73.159,84.644,94.65,94.106,74.492,85.64,83.667,78.921,84.307,87.039,95.002,107.422,127.653,155.98,181.007,176.132,208.369,234.217,261.92,283.903,297.484,306.446,318.627,328.481,346.842,376.795,362.243,402.638,434.652,469.247,506.697,547.147,590.856
Poland,56.731,53.752,65.315,75.555,75.656,70.915,73.822,63.84,68.747,67.027,62.206,80.61,88.888,90.544,103.887,139.363,156.993,157.493,172.389,168.13,171.613,190.805,199.07,217.829,255.292,306.304,344.627,429.021,533.6,439.794,479.834,528.292,498.517,521.013,542.602,477.488,472.256,526.643,587.433,595.772,594.18,642.121,697.432,752.831,805.91,861.827,924.198
Portugal,32.607,32.477,30.678,28.267,25.951,27.231,37.869,47.387,55.435,59.806,79.439,89.904,108.119,95.139,99.692,118.182,122.655,117.211,124.124,127.597,118.658,121.605,134.7,165.185,189.296,197.363,208.767,240.524,263.388,244.402,238.308,245.075,216.361,226.437,229.961,199.414,206.369,221.28,242.423,239.537,231.348,257.391,277.409,289.564,301.361,312.003,322.601
Puerto Rico,14.436,15.956,16.764,17.277,19.163,20.289,21.969,23.878,26.178,28.267,30.604,32.287,34.63,36.923,39.691,42.647,45.341,48.187,54.086,57.841,61.702,69.669,72.546,75.834,80.322,83.915,87.276,89.524,93.639,96.386,98.381,100.352,101.565,102.45,102.446,103.376,104.337,103.446,100.989,104.989,95.851,100.684,102.907,104.47,105.411,106.341,107.592
Qatar,6.665,7.374,6.467,5.506,5.708,5.339,4.214,4.441,4.26,4.502,6.266,5.579,6.384,5.804,5.946,6.861,7.761,9.976,8.488,11.266,18.085,17.498,19.334,23.716,30.651,44.636,58.629,75.987,112.621,88.196,119.707,167.775,186.834,198.728,206.225,161.74,151.732,161.099,183.335,175.838,146.09,166.031,174.381,178.282,183.595,190.777,198.84
Romania,46.053,55.319,55.375,48.401,39.111,48.286,52.29,58.477,60.538,54.236,38.516,29.07,19.779,26.624,30.376,35.838,35.692,35.644,42.543,35.953,37.281,40.395,46.065,57.806,74.974,98.454,122.024,174.589,214.317,174.102,166.309,183.326,170.636,190.8,199.961,177.731,188.13,211.696,241.456,249.695,247.214,289.13,316.339,339.749,362.8,386.575,410.819
Russian Federation,no data,no data,no data,no data,no data,no data,no data,no data,no data,no data,1045.455,856.322,91.67,196.227,293.768,335.777,412.685,433.704,287.672,209.657,278.264,328.475,370.062,461.518,633.294,817.717,1060.901,1393.416,1779.109,1307.927,1633.111,2046.621,2191.484,2288.428,2048.836,1356.704,1280.648,1575.14,1653.006,1689.302,1473.583,1710.734,1777.102,1826.961,1879.532,1938.996,2004.145
Rwanda,1.259,1.429,1.525,1.629,1.56,1.853,2.1,2.331,2.495,2.605,2.491,1.837,1.95,1.881,1.195,1.239,1.343,1.808,1.931,1.797,1.718,1.676,1.673,1.847,2.099,2.59,3.327,4.082,5.201,5.694,6.148,6.911,7.687,7.852,8.272,8.585,8.734,9.253,9.629,10.123,10.372,10.633,11.288,12.426,13.62,14.917,16.133
Saint Kitts and Nevis,0.058,0.069,0.079,0.078,0.091,0.101,0.119,0.136,0.161,0.179,0.203,0.201,0.223,0.243,0.272,0.293,0.312,0.351,0.366,0.389,0.421,0.458,0.481,0.469,0.507,0.547,0.644,0.689,0.751,0.748,0.76,0.818,0.8,0.84,0.917,0.923,0.971,0.997,1.011,1.065,0.852,0.831,0.913,1,1.076,1.129,1.185
Saint Lucia,0.17,0.194,0.183,0.197,0.251,0.284,0.34,0.375,0.43,0.487,0.58,0.614,0.674,0.685,0.714,0.763,0.789,0.806,0.877,0.922,0.933,0.892,0.9,0.987,1.067,1.136,1.268,1.336,1.438,1.402,1.487,1.577,1.605,1.665,1.755,1.808,1.865,1.999,2.066,2.122,1.692,1.787,2.02,2.127,2.222,2.307,2.388
Saint Vincent and the Grenadines,0.082,0.102,0.114,0.122,0.135,0.146,0.161,0.176,0.201,0.215,0.24,0.255,0.278,0.286,0.289,0.316,0.331,0.348,0.374,0.391,0.396,0.43,0.462,0.482,0.522,0.551,0.611,0.684,0.695,0.675,0.681,0.676,0.693,0.721,0.728,0.755,0.774,0.792,0.811,0.825,0.787,0.798,0.854,0.9,0.946,0.991,1.038
Samoa,0.124,0.116,0.119,0.11,0.108,0.103,0.109,0.121,0.135,0.138,0.177,0.172,0.188,0.193,0.154,0.236,0.251,0.273,0.279,0.255,0.264,0.266,0.282,0.333,0.408,0.474,0.503,0.554,0.667,0.603,0.663,0.737,0.761,0.77,0.757,0.788,0.799,0.832,0.837,0.852,0.804,0.752,0.777,0.815,0.862,0.904,0.943
San Marino,no data,no data,no data,no data,no data,no data,no data,no data,no data,no data,no data,no data,no data,no data,no data,no data,no data,no data,no data,no data,no data,no data,no data,no data,1.714,1.789,1.91,2.189,2.403,2.062,1.883,1.813,1.606,1.678,1.674,1.42,1.468,1.528,1.656,1.616,1.505,1.688,1.787,1.838,1.88,1.929,1.978
Saudi Arabia,164.54,184.291,153.24,129.181,119.631,103.894,86.886,85.582,88.138,95.217,117.473,132.047,136.905,132.791,134.995,143.152,158.451,165.742,146.775,161.717,189.515,184.137,189.606,215.808,258.742,328.206,376.398,415.687,519.797,429.098,528.207,671.239,735.975,746.647,756.35,654.27,644.936,688.586,786.522,792.967,701.467,804.921,827.133,854.717,889.176,923.844,966.264
Senegal,4.338,3.934,3.85,3.435,3.35,3.668,5.188,6.241,6.173,6.083,7.078,6.955,7.435,7.014,4.746,6.026,6.3,5.867,6.416,6.599,6.016,6.508,7.001,8.767,10.072,11.015,11.699,13.996,16.852,16.128,16.134,17.811,17.672,18.919,19.802,17.777,19.035,20.989,23.127,23.307,24.448,27.927,30.521,34.694,38.494,41.505,45.374
Serbia,no data,no data,no data,no data,no data,no data,no data,no data,no data,no data,no data,no data,no data,no data,no data,no data,no data,22.244,17.423,11.376,9.318,12.321,16.188,21.234,24.76,27.515,32.625,43.425,52.13,45.188,41.397,49.314,43.33,48.428,47.095,39.656,40.693,44.179,50.641,51.475,52.96,60.435,65.107,69.532,74.34,79.53,85.021
Seychelles,0.147,0.154,0.148,0.147,0.151,0.169,0.208,0.249,0.284,0.305,0.369,0.374,0.434,0.474,0.486,0.508,0.503,0.563,0.608,0.623,0.615,0.622,0.698,0.706,0.839,0.919,1.016,1.034,0.998,0.847,0.97,1.018,1.06,1.328,1.343,1.377,1.426,1.528,1.542,1.58,1.131,0.948,1.013,1.199,1.407,1.716,2.054
Sierra Leone,1.701,1.823,2.05,1.782,2.062,1.755,1.314,1.145,1.877,1.724,0.948,1.138,0.992,1.122,1.331,1.273,1.374,1.24,0.981,0.977,0.941,1.084,1.25,1.38,1.439,1.61,1.884,2.159,2.511,2.454,2.578,2.942,3.802,4.916,5.007,4.252,3.855,3.713,4.085,4.119,4.204,4.42,4.445,4.525,4.709,4.929,5.178
Singapore,12.082,14.367,15.879,18.011,19.563,18.573,18.78,21.629,26.551,31.436,38.892,45.465,52.131,60.604,73.689,87.813,96.293,100.124,85.728,86.287,96.077,89.794,92.538,97.646,115.034,127.808,148.627,180.942,193.617,194.15,239.808,279.357,295.093,307.576,314.864,307.999,318.753,343.332,375.963,374.39,339.981,374.394,391.912,410.34,429.361,448.79,469.257
Slovak Republic,no data,no data,no data,no data,no data,no data,no data,no data,no data,no data,no data,no data,no data,13.726,15.837,20.034,21.659,21.927,22.825,20.867,20.73,21.421,24.888,34.085,43.19,49.116,57.492,77.239,97.17,89.302,90.473,99.235,94.589,98.878,101.351,88.512,89.691,95.461,105.75,105.091,104.088,117.664,127.347,135.459,143.038,150.566,157.657
Slovenia,no data,no data,no data,no data,no data,no data,no data,no data,no data,no data,no data,no data,19.271,16.626,16.845,21.384,21.516,20.805,22.168,22.77,20.393,20.901,23.539,29.673,34.448,36.261,39.514,48.073,55.773,50.513,48.248,51.575,46.607,48.416,50.01,43.112,44.754,48.569,54.186,54.18,52.838,59.132,63.576,67.066,70.529,73.862,77.185
Solomon Islands,0.183,0.194,0.193,0.181,0.182,0.166,0.148,0.155,0.176,0.173,0.215,0.228,0.269,0.301,0.403,0.469,0.511,0.527,0.458,0.488,0.42,0.41,0.346,0.353,0.398,0.477,0.539,0.62,0.699,0.736,0.847,1.05,1.191,1.285,1.338,1.311,1.381,1.458,1.566,1.579,1.567,1.644,1.805,1.975,2.123,2.258,2.399
Somalia,no data,no data,no data,no data,no data,no data,no data,no data,no data,no data,no data,no data,no data,no data,no data,no data,no data,no data,no data,no data,no data,no data,no data,no data,no data,no data,no data,no data,no data,no data,no data,3.499,3.611,3.892,3.964,4.049,4.198,4.509,4.721,4.944,4.92,5.367,5.641,5.941,6.268,6.633,7.046
South Africa,82.981,85.463,78.415,87.417,77.315,59.102,67.562,88.572,95.207,99.044,115.533,123.964,134.557,134.345,139.804,155.461,147.701,152.611,137.686,136.55,136.453,121.602,115.748,175.254,228.931,257.667,271.812,299.033,287.095,297.221,375.304,416.879,396.332,366.821,350.901,317.578,296.273,349.433,368.135,351.354,302.114,329.529,344.139,354.886,365.985,377.566,406.937
"South Sudan, Republic of",no data,no data,no data,no data,no data,no data,no data,no data,no data,no data,no data,no data,no data,no data,no data,no data,no data,no data,no data,no data,no data,no data,no data,no data,no data,no data,no data,no data,no data,no data,no data,17.186,11.267,14.947,15.383,14.801,3.501,3.495,4.659,4.143,4.074,4.461,5.345,5.659,6.026,6.067,6.881
Spain,230.759,204.588,197.643,172.856,172.381,181.62,251.304,318.389,374.068,412.59,535.652,576.446,630.122,529.319,531.137,613.946,640.026,589.376,618.414,635.968,598.628,627.834,708.256,907.264,1068.57,1154.354,1260.466,1474.176,1631.685,1489.853,1423.27,1480.45,1325.583,1355.162,1371.576,1195.721,1232.573,1312.076,1422.799,1393.644,1278.208,1461.552,1571.099,1644.73,1715.981,1769.026,1824.047
Sri Lanka,5.024,5.228,5.644,6.093,7.142,7.064,7.571,7.884,8.24,8.271,9.468,10.367,11.176,11.948,13.781,14.635,16.051,17.94,18.429,18.519,19.355,18.609,19.579,21.624,23.628,27.939,32.357,37.023,46.608,48.129,56.732,65.265,68.381,74.253,79.312,80.557,82.39,87.422,87.922,83.978,80.7,84.532,88.315,94.046,100.288,107.043,114.282
Sudan,9.095,6.53,4.748,6.485,7.992,5.547,7.4,11.964,9.551,16.853,2.245,2.528,3.1,5.246,5.961,6.694,8.377,10.241,10.924,10.714,13.134,15.716,18.137,21.355,26.646,35.183,45.264,59.44,64.833,54.812,65.716,66.448,48.948,52.892,60.726,64.536,64.883,47.837,35.891,33.564,34.37,35.827,35.917,36.745,37.976,39.556,41.245
Suriname,1.192,1.333,1.372,1.325,1.296,1.309,1.336,1.469,1.741,2.034,0.539,0.594,0.551,0.434,0.488,0.927,1.153,1.235,1.483,1.222,1.266,1.09,1.376,1.615,1.868,2.235,2.626,2.936,3.533,3.876,4.368,4.422,4.98,5.146,5.241,4.787,3.129,3.216,3.465,3.697,2.41,2.465,2.571,2.704,2.822,2.934,3.063
Sweden,140.384,128.148,113.059,103.89,108.255,113.249,149.633,181.991,205.883,216.691,259.9,272.205,283.228,212.953,229.034,267.307,291.746,268.146,270.81,274.071,262.834,242.395,266.848,334.337,385.119,392.219,423.091,491.255,517.706,436.536,495.813,574.094,552.484,586.842,581.964,505.104,515.655,541.019,555.455,531.283,537.61,625.948,661.242,695.331,730.118,767.053,806.044
Switzerland,122.701,112.293,114.856,114.512,109.596,111.242,159.381,199.367,215.521,208.386,266.214,269.391,279.957,272.079,301.353,353.295,340.775,295.263,303.79,298.199,279.946,287.554,310.611,363.391,405.059,420.153,443.889,493.925,570.096,558.109,602.899,721.703,692.405,713.254,734.73,702.214,695.457,704.772,736.433,732.187,747.427,824.734,874.157,905.181,949.873,988.213,1040.195
Syria,12.98,16.652,17.415,18.649,19.171,21.177,25.428,32.497,16.538,9.849,12.303,12.738,13.263,13.796,15.105,16.556,17.761,16.573,16.144,16.785,19.861,20.979,22.758,21.702,25.204,28.881,33.824,40.488,52.631,53.939,60.043,no data,no data,no data,no data,no data,no data,no data,no data,no data,no data,no data,no data,no data,no data,no data,no data
São Tomé and Príncipe,0.069,0.084,0.081,0.076,0.079,0.083,0.117,0.117,0.1,0.099,0.12,0.108,0.096,0.127,0.132,0.104,0.136,0.093,0.073,0.078,0.077,0.072,0.08,0.096,0.104,0.125,0.133,0.145,0.188,0.188,0.197,0.233,0.253,0.303,0.349,0.318,0.348,0.376,0.416,0.422,0.418,0.485,0.534,0.577,0.625,0.676,0.738
Taiwan Province of China,42.285,48.969,49.535,54.148,61.071,63.617,78.195,105.039,126.473,152.704,166.622,187.14,222.911,236.339,256.247,279.059,292.494,303.284,279.964,303.83,330.68,299.276,307.439,317.381,346.924,374.06,386.45,406.907,415.901,390.829,444.281,483.974,495.61,512.943,535.328,534.515,543.081,590.733,609.198,612.168,668.51,759.104,810.665,851.056,894.23,929.413,967.718
Tajikistan,no data,no data,no data,no data,no data,no data,no data,no data,no data,no data,no data,no data,0.291,0.678,0.829,0.569,1.052,1.121,1.32,1.087,0.991,1.057,1.212,1.555,2.073,2.311,2.811,3.712,5.135,4.977,5.642,6.523,7.592,8.506,9.242,7.857,6.953,7.144,7.52,8.117,7.997,7.825,8.301,8.756,9.243,9.776,10.294
Tanzania,10.873,13.005,14.932,15.294,13.915,12.556,15.874,7.821,7.474,6.444,5.172,6.019,5.588,5.17,5.478,6.382,7.889,9.341,11.481,11.777,12.369,12.61,13.125,14.159,15.576,17.174,18.867,21.807,27.762,28.985,31.533,34.067,39.651,45.681,50.002,47.384,49.774,53.227,56.699,60.81,63.244,65.919,70.068,74.344,79.243,84.843,90.822
Thailand,33.422,35.999,37.799,41.366,43.179,40.185,44.52,52.204,63.704,74.637,88.467,101.247,115.576,128.889,146.684,169.279,183.035,150.18,113.676,126.539,126.132,120.105,134.177,152.142,172.752,189.084,221.579,263.007,290.97,281.399,340.928,370.929,397.722,420.364,407.373,401.142,413.497,456.523,506.403,544.152,501.888,538.735,577.911,608.066,636.982,669.687,704.184
Timor-Leste,no data,no data,no data,no data,no data,no data,no data,no data,no data,no data,no data,no data,no data,no data,no data,no data,no data,no data,no data,no data,0.367,0.477,0.469,0.49,0.441,0.462,0.454,0.543,0.648,0.727,0.882,1.055,1.148,1.396,1.447,1.594,1.651,1.599,1.56,2.018,1.791,1.726,1.832,1.93,2.024,2.164,2.318
Togo,1.994,1.656,1.396,1.33,1.222,1.281,1.795,2.107,2.345,2.302,2.772,2.74,2.873,2.189,1.697,2.24,2.448,2.494,2.361,2.37,2.014,2,2.301,2.854,3.048,3.08,3.173,3.592,4.483,4.554,4.63,5.223,5.229,5.831,6.174,5.641,6.03,6.393,7.117,7.221,7.495,8.627,9.361,10.097,10.937,11.827,12.785
Tonga,0.071,0.079,0.079,0.077,0.081,0.076,0.09,0.098,0.115,0.139,0.144,0.169,0.178,0.183,0.189,0.207,0.218,0.222,0.212,0.197,0.203,0.181,0.183,0.202,0.231,0.262,0.292,0.299,0.344,0.312,0.367,0.415,0.471,0.451,0.44,0.437,0.421,0.46,0.486,0.517,0.514,0.508,0.542,0.573,0.6,0.625,0.649
Trinidad and Tobago,6.343,7.113,8.28,7.898,7.891,7.503,4.877,4.88,4.574,4.397,5.155,5.399,5.533,4.656,5.032,5.421,5.859,5.837,6.148,6.925,8.295,8.96,9.148,11.464,13.472,16.17,18.6,22.006,28.233,19.562,22.522,25.789,25.763,27.268,27.616,24.96,22.394,22.385,23.68,23.208,21.53,22.161,23.283,24.093,24.785,25.5,26.241
Tunisia,9.566,9.223,8.9,9.202,9.054,9.245,9.91,10.663,11.073,11.069,13.474,14.202,16.978,15.944,17.052,19.654,21.283,20.747,21.803,22.943,21.474,22.066,23.142,27.454,31.184,32.272,34.377,38.915,44.844,43.466,44.054,45.81,45.044,46.248,47.634,43.172,41.801,39.627,40.139,39.169,39.553,44.265,46.527,48.428,50.312,52.233,54.058
Turkey,96.596,97.865,88.918,84.968,82.642,92.827,102.337,118.926,125.032,147.727,207.508,208.402,219.176,248.573,179.359,233.566,250.486,261.857,275.834,256.566,274.321,202.248,240.191,314.752,409.127,506.186,555.126,680.489,770.82,648.797,776.558,838.508,880.141,957.504,938.512,864.071,869.28,858.932,779.599,760.94,719.537,794.53,868.44,953.982,1042.33,1149.239,1263.766
Turkmenistan,no data,no data,no data,no data,no data,no data,no data,no data,no data,no data,no data,no data,0.951,5.363,4.542,5.874,2.379,2.681,2.862,3.857,5.022,6.933,8.7,11.424,14.196,17.174,21.393,25.962,21.516,20.214,22.583,29.233,35.164,39.198,43.524,35.8,36.169,37.926,40.765,45.231,47.354,54.218,59.268,64.74,70.815,77.518,84.886
Tuvalu,no data,no data,no data,no data,no data,no data,no data,no data,no data,no data,no data,no data,no data,no data,no data,no data,no data,no data,no data,no data,0.014,0.013,0.016,0.018,0.022,0.022,0.023,0.027,0.031,0.027,0.031,0.038,0.037,0.037,0.037,0.035,0.04,0.043,0.046,0.047,0.048,0.057,0.061,0.066,0.071,0.076,0.081
Uganda,7.486,12.12,8.41,9.619,7.399,6.771,6.746,10.878,11.268,9.136,7.452,3.897,3.645,4.311,6.24,7.473,7.713,8.407,8.23,7.823,7.756,7.835,8.425,8.725,10.75,12.46,14.079,17.512,22.419,24.107,24.683,27.501,30.939,32.331,33.122,27.445,29.557,31.384,34.095,37.788,37.613,41.271,44.83,46.072,49.73,54.718,60.377
Ukraine,no data,no data,no data,no data,no data,no data,no data,no data,no data,no data,no data,no data,22.193,35.025,38.012,38.275,46.083,51.867,43.315,32.661,32.331,37.863,42.339,50.096,64.752,85.996,107.767,143.26,181.313,117.079,136.011,163.161,175.707,179.572,130.571,90.489,93.313,112.125,130.927,153.895,151.543,164.593,185.185,202.512,220.456,240.749,262.868
United Arab Emirates,40.415,45.002,41.848,38.345,38.012,37.31,29.568,32.466,32.999,38.09,49.09,49.821,52.208,53.438,57.45,63.637,70.991,76.171,73.394,82.865,103.893,103.312,109.816,124.346,147.824,180.617,222.117,257.916,315.475,253.547,289.787,350.666,374.591,390.108,403.137,358.135,357.045,385.605,422.215,421.142,354.279,401.513,409.757,419.354,432.163,447.69,465.402
United Kingdom,603.983,587.652,558.72,532.476,504.571,536.938,655.086,813.006,989.57,1007.448,1193.691,1247.882,1289.065,1154.118,1239.716,1341.878,1416.838,1558.529,1651.775,1682.59,1661.335,1639.079,1782.892,2052.787,2413.134,2535.643,2709.826,3094.593,2952.326,2421.024,2484.017,2660.794,2704.498,2785.062,3067.117,2933.433,2703.242,2664.705,2860.982,2833.301,2710.97,3124.65,3340.838,3490.266,3660.58,3838.707,4027.862
United States,2857.325,3207.025,3343.8,3634.025,4037.65,4339,4579.625,4855.25,5236.425,5641.6,5963.125,6158.125,6520.325,6858.55,7287.25,7639.75,8073.125,8577.55,9062.825,9630.7,10252.35,10581.825,10936.45,11458.25,12213.725,13036.625,13814.6,14451.875,14712.825,14448.925,14992.05,15542.6,16197.05,16784.825,17527.275,18238.3,18745.1,19542.975,20611.875,21433.225,20932.75,22675.271,24003.704,24892.611,25790.123,26719.625,27659.15
Uruguay,12.165,13.578,11.1,6.093,5.794,5.662,7.029,8.794,9.098,9.589,11.156,13.445,15.451,17.999,20.965,23.152,24.613,26.044,27.587,26.066,24.804,22.712,14.809,13.109,14.892,18.901,21.314,25.486,32.988,34.395,43.763,52.103,55.692,62.499,62.178,57.874,57.237,64.234,64.765,62.212,55.711,55.459,58.497,61.091,63.702,66.417,69.117
Uzbekistan,no data,no data,no data,no data,no data,no data,no data,no data,no data,no data,no data,no data,4.361,6.742,7.991,12.459,16.47,17.395,17.683,20.16,16.227,13.76,11.424,11.982,14.198,16.929,20.142,26.389,33.84,39.583,46.686,56.549,63.631,69.008,76.661,81.34,81.323,58.147,50.378,57.726,57.706,61.203,67.144,74.428,82.875,91.964,102.168
Vanuatu,0.121,0.114,0.114,0.117,0.144,0.132,0.128,0.139,0.158,0.154,0.169,0.201,0.209,0.2,0.234,0.249,0.261,0.273,0.262,0.268,0.272,0.257,0.262,0.315,0.365,0.39,0.435,0.517,0.582,0.59,0.652,0.738,0.736,0.755,0.774,0.744,0.775,0.88,0.928,0.924,0.864,0.912,0.974,1.034,1.091,1.151,1.209
Venezuela,69.841,78.367,79.998,79.672,57.826,59.865,60.877,46.854,60.378,44.672,48.391,53.382,60.4,59.865,58.357,77.427,70.536,85.684,91.836,97.517,117.596,123.119,95.258,83.684,112.254,143.375,178.521,232.857,306.764,268.624,318.281,352.54,352.191,258.993,203.822,323.595,279.249,143.841,98.4,63.96,47.255,42.53,40.403,no data,no data,no data,no data
Vietnam,35.357,17.617,23.369,35.204,61.171,19.045,43.009,53.385,29.501,7.991,8.217,9.704,12.528,16.736,20.712,26.407,31.352,34.146,34.58,36.444,39.585,41.297,44.563,50.233,62.877,73.197,84.301,98.429,124.774,129.054,143.257,171.368,195.168,212.738,232.893,236.84,252.149,277.074,304.016,329.537,340.821,354.868,389.746,428.124,471.42,517.265,567.262
West Bank and Gaza,no data,no data,no data,no data,no data,no data,no data,no data,no data,no data,no data,no data,no data,no data,2.843,3.283,3.41,3.76,4.068,4.271,4.314,4.004,3.556,3.968,4.603,5.126,5.348,5.816,7.31,8.086,9.682,11.186,12.208,13.516,13.99,13.972,15.405,16.128,16.277,17.134,15.519,16.481,17.886,18.831,19.559,20.245,20.955
Yemen,no data,no data,no data,no data,no data,no data,no data,no data,no data,no data,12.644,14.665,17.959,21.737,28.019,12.796,6.496,6.838,6.322,7.639,9.679,9.853,10.693,11.778,13.868,16.732,19.063,21.651,26.911,25.13,30.907,32.726,35.401,40.415,43.229,42.445,30.934,26.736,23.486,22.568,20.14,25.095,25.826,29.102,30.772,32.669,34.334
Zambia,4.246,4.385,4.232,3.653,3.003,2.848,1.962,2.431,4.095,4.365,4.085,3.69,3.614,3.549,3.657,3.799,3.599,4.303,3.538,3.405,3.601,4.094,4.194,4.902,6.221,8.329,12.762,14.06,17.914,15.332,20.264,23.455,25.502,28.042,27.145,21.245,20.965,25.874,26.312,23.309,18.529,18.955,19.083,19.587,20.294,21.032,21.813
Zimbabwe,no data,no data,no data,no data,no data,no data,no data,no data,no data,no data,10.144,9.45,7.793,7.569,7.959,8.263,10.117,10.386,12.099,11.769,11.34,11.244,10.735,9.574,9.465,9.046,8.141,7.785,6.707,9.666,12.042,14.102,17.115,19.091,19.496,19.963,20.054,21.89,21.093,19.273,21.038,26.085,29.363,29.319,29.979,30.88,32.042
Africa (Region),452.24,461.543,468.331,448.236,390.481,385.067,422.833,473.314,502.227,541.331,631.832,580.502,580.415,581.935,569.858,677.23,758.351,787.364,797.469,655.665,676.369,656.061,670.206,803.774,963.063,1133.907,1311.99,1533.243,1791.001,1698.207,1991.447,2225.021,2378.153,2459.831,2544.185,2316.077,2201.772,2219.182,2366.299,2432.273,2349.432,2600.606,2794.268,3004.041,3230.361,3484.135,3800.461
Asia and Pacific,2332.04,2515.656,2447.025,2600.974,2758.311,2811.579,3587.104,4261.222,5086.469,5286.103,5513.091,6074.624,6655.377,7492.899,8122.094,9227.68,9007.611,8664.312,7836.047,8709.262,9327.01,8700.03,8933.037,9967.323,11245.783,12158.926,13011.981,14874.086,16835.802,17310.897,20225.246,23268.526,24721.99,25100.417,26017.388,25801.717,26858.287,28791.79,30889.752,31739.082,31633.708,35235.257,37809.837,40522.267,43207.311,46029.384,49001.661
Australia and New Zealand,185.148,211.506,209.914,201.604,219.123,196.575,208.537,249.639,316.037,351.782,369.171,367.23,359,353.552,405.437,440.349,492.606,494.425,437.392,469.908,453.24,429.821,486.472,622.03,758.312,847.262,890.987,1082.727,1190.867,1120.684,1397.141,1680.628,1744.362,1705.532,1657.528,1411.016,1452.23,1589.012,1631.13,1601.76,1568.656,1860.875,1946.929,2038.438,2128.108,2223.229,2327.226
Caribbean,18.04,19.73,21.79,21.715,21.724,22.172,21.14,20.014,20.379,21.932,22.378,22.243,21.98,22.685,25.795,31.501,34.013,36.762,39.51,42.114,44.253,44.645,46.315,47.976,52.963,59.834,65.302,73.805,83.429,73.021,78.424,85.275,88.332,90.597,91.988,90.511,86.046,88.617,93.93,93.728,83.939,95.884,103.373,110.276,115.253,119.87,124.586
Central America,34.6,34.871,35.303,37.123,44.212,38.356,37.626,37.249,35.512,39.978,36.454,45.663,51.857,56.71,62.199,69.247,74.07,80.813,87.502,88.669,93.947,99.204,104.624,102.507,109.643,131.505,144.065,163.986,184.679,184.562,205.446,230.663,248.755,263.767,281.266,301.14,317.758,336.286,349.055,360.938,330.638,350.595,370.204,392.095,416.576,442.95,471.711
Central Asia and the Caucasus,96.596,97.865,88.918,84.968,82.642,92.827,102.337,118.926,125.032,147.727,207.508,208.402,229.872,269.316,209.465,276.265,301.167,316.198,331.344,309.093,326.549,258.579,304.236,391.205,507.633,633.115,725.612,906.519,1053.984,909.643,1094.052,1238.766,1318.22,1440.828,1421.935,1276.705,1219.339,1224.712,1161.445,1160.21,1094.669,1211.349,1312.171,1429.749,1551.398,1694.557,1849.669
East Asia,1570.606,1688.818,1605.847,1749.452,1854.839,1941.969,2662.531,3220.446,3933.402,4048.656,4123.182,4680.62,5165.019,5912.52,6417.057,7268.589,6847.821,6503.051,5955.527,6692.371,7254.014,6726.259,6751.081,7359.829,8153.487,8614.406,8991.765,9930.618,11374.048,11931.686,13616.558,15721.721,16860.399,17009.227,17744.709,17880.148,18605.194,19762.63,21588.193,22127.993,22433.488,24969.131,26767.616,28645.695,30476.663,32372.957,34348.258
Eastern Europe ,160.124,169.825,183.443,185.514,177.958,176.996,183.502,186.925,218.547,212.447,1208.372,1004.597,321.526,458.489,598.648,771.305,891.164,936.865,816.625,702.933,764.921,866.67,979.439,1195.045,1523.041,1865.682,2262.938,2925.98,3656.685,2860.02,3234.367,3824.783,3881.07,4069.923,3827.885,2884.501,2834.608,3306.83,3604.115,3692.987,3441.394,3905.85,4161.23,4378.544,4595.528,4825.027,5067.41
Europe,4007.285,3607.257,3492.48,3403.255,3269.427,3385.193,4557.736,5597.842,6264.559,6364.686,8844.635,9127.947,9153.62,8481.872,9111.659,10530.949,10832.63,10287.242,10461.535,10357.6,9737.64,9899.277,10827.03,13145.187,15270.494,16176.537,17490.864,20399.762,22419.84,19694.778,20013.001,22027.755,21091.027,21982.134,22334.66,19182.748,19191.366,20390.537,21993.816,21658.336,20812.84,23614.328,25154.069,26176.145,27211.6,28239.024,29317.092
Middle East (Region),402.931,435.946,415.674,427.333,428.823,419.619,427.769,521.287,540.325,612.001,886.518,616.41,399.506,422.833,471.092,530.426,610.919,656.383,659.729,772.857,958.654,896.118,721.879,806.89,971.082,1184.024,1394.989,1656.478,2074.05,1828.422,2161.364,2580.734,2569.655,2683.747,2762.91,2396.499,2402.7,2590.059,2831.889,2974.552,2715.616,3041.659,3168.239,3288.407,3419.955,3559.388,3716.839
North Africa,136.375,130.856,135.728,142.243,147.289,163.702,169.372,195.527,206.281,232.288,232.278,175.496,178.432,179.009,178.428,196.689,218.187,224.38,230.945,244.435,258.104,252.655,232.874,258.731,291.987,339.275,387.91,457.679,553.065,522.541,597.476,627.156,710.897,702.732,701.354,659.621,656.193,586.256,625.288,672.107,681.038,738.278,783.445,829.631,872,926.823,1004.849
North America,3376.402,3823.836,3888.28,4166.879,4618.401,4942.861,5131.122,5477.326,5973.909,6483.171,6880.22,7151.065,7553.064,7975.327,8434.664,8648.434,9160.037,9781.163,10277.437,10967.182,11766.592,12147.155,12541.255,13159.018,14102.764,15171.521,16196.615,17062.992,17469.316,16821.867,17765.577,18616.766,19328.071,20008.314,20750.828,21070.054,21455.926,22454.599,23657.032,24548.659,23748.173,25851.922,27388.315,28447.858,29507.782,30606.338,31728.164
Pacific Islands ,5.931,5.896,5.644,5.54,5.342,4.995,5.439,5.71,7.232,7.168,6.954,7.912,9.017,10.046,11.088,10.501,11.223,10.901,8.629,8.454,8.219,7.507,7.528,9.291,10.736,12.311,13.594,15.356,17.923,17.1,20.338,25.201,28.947,29.246,31.556,29.858,29.243,31.914,33.709,34.395,31.839,33.168,34.381,35.616,37.493,39.357,42.354
South America,581.546,584.403,494.949,463.925,454.685,500.789,564.945,599.354,667.738,731.262,812.285,834.012,892.114,963.522,1146.873,1434.166,1539.293,1636.544,1616.354,1303.975,1378.632,1266.924,996.982,1073.886,1298.036,1657.832,2016.222,2507.444,3046.026,2935.669,3765.676,4441.468,4430.712,4431.959,4304.928,3721.371,3588.058,3899.393,3642.571,3468.582,2825.241,3018.919,3242.975,3457.535,3689.862,3899.962,4109.147
South Asia,227.85,263.568,273.017,288.938,289.356,313.181,330.822,366.555,392.19,398.684,428.16,386.028,409.683,405.808,459.587,510.597,552.011,578.692,586.647,622.71,637.767,652.632,685.504,798.902,926.636,1060.688,1203.291,1522.414,1549.933,1701.33,2079.49,2256.288,2278.801,2338.896,2563.461,2679.842,2906.845,3329.277,3416.223,3575.299,3422.113,3803.345,4133.934,4486.825,4854.664,5249.47,5672.278
Southeast Asia,245.909,248.004,263.685,270.473,307.009,262.033,277.438,299.945,312.576,332.087,378.115,424.432,482.786,541.658,619.459,721.379,802.784,761.044,516.507,606.727,647.222,625.232,698.216,786.065,888.978,991.143,1186.731,1416.452,1649.047,1630.454,2017.668,2345.921,2491.261,2576.688,2598.199,2524.148,2645.435,2854.246,3059.052,3239.425,3082.943,3357.389,3614.806,3885.944,4158.984,4449.813,4761.877
Sub-Saharan Africa (Region) ,315.865,330.686,332.603,305.993,243.191,221.365,253.462,277.787,295.946,309.043,399.554,405.006,401.983,402.926,391.43,480.54,540.164,562.984,566.524,411.23,418.265,403.407,437.332,545.043,671.075,794.632,924.079,1075.564,1237.936,1175.666,1393.971,1597.864,1667.256,1757.099,1842.831,1656.455,1545.579,1632.926,1741.011,1760.166,1668.394,1862.328,2010.823,2174.409,2358.361,2557.312,2795.612
Western Europe,3847.16,3437.432,3309.037,3217.742,3091.468,3208.197,4374.235,5410.917,6046.011,6152.24,7636.263,8123.35,8832.095,8023.383,8513.01,9759.644,9941.466,9350.377,9644.91,9654.667,8972.719,9032.607,9847.591,11950.142,13747.454,14310.855,15227.926,17473.783,18763.155,16834.758,16778.635,18202.972,17209.957,17912.211,18506.775,16298.246,16356.757,17083.707,18389.701,17965.349,17371.446,19708.478,20992.839,21797.601,22616.071,23413.998,24249.682
Western Hemisphere (Region),4010.588,4462.84,4440.323,4689.642,5139.021,5504.179,5754.833,6133.942,6697.537,7276.344,7751.337,8052.983,8519.015,9018.243,9669.532,10183.348,10807.413,11535.283,12020.802,12401.94,13283.424,13557.928,13689.175,14383.386,15563.406,17020.692,18422.203,19808.227,20783.45,20015.119,21815.123,23374.172,24095.87,24794.638,25429.01,25183.076,25447.787,26778.895,27742.589,28471.907,26987.991,29317.32,31104.867,32407.764,33729.472,35069.12,36433.609
ASEAN-5,231.915,232.519,246.687,250.416,284.515,235.356,253.181,273.265,281.621,295.54,332.686,370.807,421.231,471.433,535.402,621.308,693.598,648.211,416.679,503.984,531.015,515.884,585.687,664.867,746.056,830.864,1000.237,1190.294,1397.095,1375.978,1706.45,1971.288,2092.722,2161.519,2171.669,2106.524,2217.594,2396.675,2558.685,2735.211,2602.867,2842.118,3075.799,3318.922,3561.838,3821.095,4099.486
Advanced economies,8480.504,8615.632,8554.98,8901.26,9309.682,9803.447,11972.342,13921.608,15729.101,16407.455,18415.925,19669.22,21158.466,21315.411,22877.792,25330.317,25505.323,25011.027,25101.04,26431.077,26888.727,26608.705,27769.954,31140.403,34536.008,36336.318,38214.088,41724.546,44033.85,41569.644,43389.789,46592.174,46429.96,46836.259,47955.386,45426.908,46661.922,48668.54,51518.103,51974.617,50595.13,55989.937,59369.227,61818.482,64151.198,66486.802,68893.802
Emerging and Developing Asia,742.886,758.572,774.533,818.605,859.135,835.092,858.571,939.676,1048.915,1117.558,1121.751,1130.008,1279.777,1447.964,1511.402,1808.352,2049.236,2128.607,1970.652,2164.591,2324.834,2453.616,2688.476,3066.036,3558.158,4111.779,4875.885,6181.446,7437.262,8081.871,9742.667,11638.194,12833.401,14045.098,15171.738,15781.858,16223.952,17845.264,19676.066,20554.31,20671.149,23204.013,25126.678,27119.857,29208.375,31423.191,33760.265
Emerging and Developing Europe,256.72,267.69,272.362,270.481,260.601,269.823,285.839,305.851,343.579,360.173,1415.88,1212.999,519.737,672.195,738.29,887.306,1011.956,1072.025,956.613,826.414,913.196,934.434,1060.505,1308.83,1689.148,2095.867,2499.936,3202.626,3934.724,3083.449,3588.138,4193.965,4323.155,4573.263,4306.27,3343.606,3284.519,3705.214,3863.951,3931.755,3650.167,4121.179,4406.011,4672.466,4942.579,5244.739,5568.64
Emerging market and developing economies,2724.579,2867.611,2708.854,2668.181,2676.382,2702.189,2777.934,3065.998,3362.016,3673.01,5211.488,4783.246,4149.467,4682.371,5066.442,5819.536,6511.819,6919.875,6674.875,6466.582,7096.97,7110.613,7081.988,7978.301,9492.676,11354.291,13437.367,16571.085,19897.711,19005.721,22851.194,26931.858,28480.893,30247.873,31199.92,29509.663,29496.961,32165.151,34375.292,35370.683,33942.558,37873.914,40735.466,43658.368,46731.029,49983.01,53469.663
Euro area,no data,no data,no data,no data,no data,no data,no data,no data,no data,no data,no data,6095.027,6721.931,6109.669,6453.795,7616.928,7733.079,6942.173,7106.839,7117.542,6488.955,6584.355,7182.015,8843.725,10137.063,10511.099,11166.341,12865.36,14145.019,12916.332,12645.757,13633.151,12643.406,13192.812,13510.616,11673.094,11968.565,12667.278,13691.435,13364.817,12916.618,14583.868,15553.293,16130.729,16686.387,17215.176,17757.695
European Union,3210.782,2837.942,2750.709,2689.527,2588.018,2666.245,3657.972,4483.106,4948.888,5037.736,6210.754,6624.193,7315.835,6680.947,7082.51,8283.019,8417.635,7729.926,7966.376,7925.702,7270.297,7382.948,8067.021,9914.757,11397.822,11900.256,12698.332,14717.123,16287.217,14744.538,14564.317,15754.488,14639.989,15295.607,15652.372,13549.738,13887.316,14753.247,15972.093,15636.271,15167.815,17127.535,18283.894,19032.779,19757.615,20462.339,21183.949
Latin America and the Caribbean,862.792,932.613,765.12,696.478,725.481,778.706,774.224,821.674,925.554,1039.251,1161.519,1250.057,1369.683,1543.712,1762.678,1895.009,2058.349,2254.536,2269.887,2034.982,2224.741,2167.467,1920.031,1953.703,2242.885,2726.648,3200.972,3797.933,4424.122,4093.299,5107.346,5937.893,5968.893,6060.768,5993.538,5284.893,5070.355,5483.208,5307.903,5192.117,4315.982,4657.878,4967.637,5267.72,5590.559,5893.617,6200.122
Major advanced economies (G7),6903.185,7120.055,7088.324,7479.699,7871.317,8345.472,10099.757,11608.795,13057.883,13553.82,14989.822,16060.218,17243.462,17587.124,18799.33,20498.544,20460.885,20196.016,20465.916,21573.137,22088.944,21826.083,22515.567,24848.522,27283.937,28483.079,29710.621,31895.365,33407.924,31839.004,33040.122,35137.767,35305.301,35316.541,36206.502,34807.356,35797.748,37024.427,39081.388,39740.773,38622.672,42425.389,44997.548,46799.081,48478.1,50185.773,51929.951
Middle East and Central Asia,555.412,584.579,568.984,583.109,595.966,602.751,613.239,732.974,757.572,863.837,1117.459,790.407,584.222,623.323,671.239,757.813,863.317,914.741,924.872,1042.824,1231.628,1169.963,996.395,1128.976,1361.353,1664.479,1986.846,2378.475,2935.02,2632.398,3091.968,3638.911,3745.757,3873.912,3955.1,3516.014,3446.473,3555.926,3832.313,3977.174,3682.821,4077.243,4272.902,4474.134,4683.49,4918.886,5202.343
Other advanced economies,774.193,789.598,784.131,782.479,820.539,818.29,998.021,1228.53,1448.112,1575.147,1814.554,1927.532,2056.423,2029.823,2279.187,2686.763,2865.589,2776.988,2506.133,2684.902,2771.562,2688.358,2924.225,3368.772,3849.998,4245.637,4599.583,5261.029,5560.855,5113.772,5888.228,6728.783,6784.427,7014.991,7148.062,6580.274,6713.892,7215.155,7592.701,7451.785,7344.248,8346.278,8789.183,9186.489,9602.369,10014.698,10456.82
Sub-Saharan Africa,306.77,324.156,327.855,299.508,235.199,215.818,246.061,265.823,286.395,292.191,394.88,399.774,396.047,395.178,382.833,471.056,528.961,549.966,552.851,397.771,402.571,385.134,416.581,520.756,641.131,755.518,873.728,1010.606,1166.584,1114.704,1321.076,1522.895,1609.687,1694.833,1773.274,1583.292,1471.663,1575.538,1695.06,1715.326,1622.44,1813.6,1962.238,2124.191,2306.027,2502.576,2738.292
World,11205.083,11483.243,11263.834,11569.441,11986.063,12505.637,14750.276,16987.606,19091.117,20080.465,23627.413,24452.466,25307.933,25997.782,27944.235,31149.854,32017.142,31930.902,31775.915,32897.659,33985.697,33719.318,34851.942,39118.704,44028.684,47690.608,51651.455,58295.631,63931.561,60575.365,66240.984,73524.032,74910.854,77084.133,79155.306,74936.572,76158.883,80833.691,85893.395,87345.3,84537.688,93863.851,100104.694,105476.85,110882.227,116469.812,122363.464
,,,,,,,,,,,,,,,,,,,,,,,,,,,,,,,,,,,,,,,,,,,,,,,
"©IMF, 2021",,,,,,,,,,,,,,,,,,,,,,,,,,,,,,,,,,,,,,,,,,,,,,,
