,date,month,weekday,week,year,quarter,donut_boxes,donuts,coffee,coffee_ounces,bagels,omelets,eggs,chilli,paper_cups,plastic_bags
1017,15/10/2019,10,1,42,2019,3,3,47,38,423.83,35,8,34,13,16,16
1016,14/10/2019,10,0,42,2019,3,5,75,42,431.6,1,11,43,19,21,4
1015,13/10/2019,10,6,41,2019,3,5,70,39,427.23,8,41,133,15,17,6
1014,12/10/2019,10,5,41,2019,3,3,43,35,398.23,37,39,127,16,16,17
1013,11/10/2019,10,4,41,2019,3,4,53,34,334.09,26,10,41,17,17,13
1012,10/10/2019,10,3,41,2019,3,2,39,41,393.29,41,9,35,18,21,21
1011,09/10/2019,10,2,41,2019,3,3,43,36,366.61,37,11,44,8,16,19
1010,08/10/2019,10,1,41,2019,3,4,63,41,401.56,14,9,36,20,20,8
1009,07/10/2019,10,0,41,2019,3,5,77,42,437.8,8,8,33,11,20,5
1008,06/10/2019,10,6,40,2019,3,4,59,40,407.37,22,43,140,25,17,12
1007,05/10/2019,10,5,40,2019,3,3,48,39,375.97,29,40,132,17,19,13
1006,04/10/2019,10,4,40,2019,3,6,78,34,339.53,6,8,34,15,15,5
1005,03/10/2019,10,3,40,2019,3,1,24,39,367.86,59,9,37,12,20,30
1004,02/10/2019,10,2,40,2019,3,1,26,41,400.16,47,11,42,15,20,24
1003,01/10/2019,10,1,40,2019,3,3,50,39,463.51,34,6,27,21,19,18
1002,30/09/2019,9,0,40,2019,2,2,40,43,450.08,41,11,44,6,21,22
1001,29/09/2019,9,6,39,2019,2,4,58,37,393.32,22,39,126,15,17,10
1000,28/09/2019,9,5,39,2019,2,3,51,42,411.2,25,42,137,16,19,13
999,27/09/2019,9,4,39,2019,2,3,48,39,387.33,29,10,38,5,18,15
998,26/09/2019,9,3,39,2019,2,5,69,38,366.54,8,12,47,13,18,6
997,25/09/2019,9,2,39,2019,2,3,50,42,417.44,26,13,48,13,21,14
996,24/09/2019,9,1,39,2019,2,3,45,38,367.11,41,12,45,15,19,22
995,23/09/2019,9,0,39,2019,2,4,61,39,372.65,19,8,34,10,20,11
994,22/09/2019,9,6,38,2019,2,4,58,38,411.07,23,41,133,12,18,11
993,21/09/2019,9,5,38,2019,2,3,46,39,379.83,39,42,135,17,18,20
992,20/09/2019,9,4,38,2019,2,3,45,39,414.14,35,13,50,14,17,20
991,19/09/2019,9,3,38,2019,2,4,52,33,354.34,30,10,40,13,17,16
990,18/09/2019,9,2,38,2019,2,4,59,39,438.21,20,10,40,12,20,11
989,17/09/2019,9,1,38,2019,2,1,23,38,415.21,60,8,33,20,20,28
988,16/09/2019,9,0,38,2019,2,5,79,44,414.38,0,9,36,7,22,4
987,15/09/2019,9,6,37,2019,2,2,31,35,384.59,44,38,124,9,15,22
986,14/09/2019,9,5,37,2019,2,3,46,37,383.28,31,38,124,8,14,16
985,13/09/2019,9,4,37,2019,2,5,76,41,433.68,1,7,32,9,18,5
984,12/09/2019,9,3,37,2019,2,1,20,36,387.33,57,10,39,5,18,29
983,11/09/2019,9,2,37,2019,2,4,56,37,381.22,28,11,43,11,19,15
982,10/09/2019,9,1,37,2019,2,2,36,40,425.52,45,11,44,15,18,23
981,09/09/2019,9,0,37,2019,2,5,74,41,414.18,5,10,42,13,20,5
980,08/09/2019,9,6,36,2019,2,3,50,40,434.49,31,39,126,14,18,16
979,07/09/2019,9,5,36,2019,2,2,34,40,421.09,45,44,142,19,18,22
978,06/09/2019,9,4,36,2019,2,5,63,34,336.17,20,14,52,6,18,13
977,05/09/2019,9,3,36,2019,2,3,45,38,392.25,33,12,44,10,18,18
976,04/09/2019,9,2,36,2019,2,2,35,39,390.26,47,11,43,9,20,23
975,03/09/2019,9,1,36,2019,2,4,59,38,412.3,21,8,32,11,20,13
974,02/09/2019,9,0,36,2019,2,6,87,42,445.71,0,11,43,14,19,3
973,01/09/2019,9,6,35,2019,2,3,48,38,384.49,31,38,122,21,16,14
972,31/08/2019,8,5,35,2019,2,3,47,41,423.6,24,45,146,12,19,12
971,30/08/2019,8,4,35,2019,2,4,56,36,396.91,26,9,37,9,18,14
970,29/08/2019,8,3,35,2019,2,4,56,36,368.8,22,8,31,14,18,12
969,28/08/2019,8,2,35,2019,2,3,42,34,361.41,38,8,35,10,18,21
968,27/08/2019,8,1,35,2019,2,2,33,35,391.58,47,6,27,16,18,25
967,26/08/2019,8,0,35,2019,2,4,64,43,460.32,16,11,43,4,20,9
966,25/08/2019,8,6,34,2019,2,3,45,37,373.21,34,40,130,12,15,17
965,24/08/2019,8,5,34,2019,2,4,58,38,368.55,25,39,127,7,17,13
964,23/08/2019,8,4,34,2019,2,4,57,37,388.09,22,9,37,8,19,14
963,22/08/2019,8,3,34,2019,2,3,49,42,453.77,29,14,52,11,21,17
962,21/08/2019,8,2,34,2019,2,4,55,37,386.91,22,13,48,5,21,14
961,20/08/2019,8,1,34,2019,2,2,37,41,416.22,48,13,50,7,21,25
960,19/08/2019,8,0,34,2019,2,7,97,41,421.92,3,11,44,12,19,5
959,18/08/2019,8,6,33,2019,2,4,61,40,388.27,22,41,133,5,18,11
958,17/08/2019,8,5,33,2019,2,3,47,38,415.38,31,38,124,14,17,16
957,16/08/2019,8,4,33,2019,2,6,85,39,411.56,0,8,35,17,20,4
956,15/08/2019,8,3,33,2019,2,5,70,37,389.29,10,8,33,0,20,9
955,14/08/2019,8,2,33,2019,2,2,34,38,393.81,46,10,39,6,18,23
954,13/08/2019,8,1,33,2019,2,4,54,35,388.16,27,11,42,13,18,15
953,12/08/2019,8,0,33,2019,2,5,73,40,390.83,6,10,38,11,19,6
952,11/08/2019,8,6,32,2019,2,2,37,41,425.27,42,42,138,2,17,19
951,10/08/2019,8,5,32,2019,2,4,56,34,342.88,22,34,112,11,15,11
950,09/08/2019,8,4,32,2019,2,5,71,38,411.37,8,9,37,5,19,8
949,08/08/2019,8,3,32,2019,2,2,35,38,397.92,43,9,37,18,19,22
948,07/08/2019,8,2,32,2019,2,3,42,35,368.59,36,10,40,8,17,18
947,06/08/2019,8,1,32,2019,2,3,41,33,324.57,39,9,38,7,18,21
946,05/08/2019,8,0,32,2019,2,5,78,45,466.21,0,12,47,3,22,3
945,04/08/2019,8,6,31,2019,2,4,59,40,415.11,15,43,140,10,19,9
944,03/08/2019,8,5,31,2019,2,2,32,36,363.94,49,40,129,15,14,24
943,02/08/2019,8,4,31,2019,2,3,51,42,486.65,34,12,46,8,20,20
942,01/08/2019,8,3,31,2019,2,3,48,39,413.07,36,9,37,4,19,21
941,31/07/2019,7,2,31,2019,2,3,49,40,438.04,29,10,39,12,19,17
940,30/07/2019,7,1,31,2019,2,4,56,36,400.78,24,9,38,4,18,15
939,29/07/2019,7,0,31,2019,2,5,75,41,401.5,5,10,40,3,19,5
938,28/07/2019,7,6,30,2019,2,1,23,40,439.98,56,44,141,3,18,25
937,27/07/2019,7,5,30,2019,2,4,58,38,388.4,28,39,126,6,16,14
936,26/07/2019,7,4,30,2019,2,3,51,42,403.78,29,11,44,6,22,15
935,25/07/2019,7,3,30,2019,2,5,71,40,441.76,9,12,46,8,21,8
934,24/07/2019,7,2,30,2019,2,1,22,37,362.86,60,9,36,1,19,32
933,23/07/2019,7,1,30,2019,2,2,33,37,373.43,50,10,40,8,21,25
932,22/07/2019,7,0,30,2019,2,5,78,44,459.62,1,10,41,10,25,3
931,21/07/2019,7,6,29,2019,2,5,66,36,346.63,13,43,141,6,17,8
930,20/07/2019,7,5,29,2019,2,4,55,35,374.82,28,39,128,8,15,15
929,19/07/2019,7,4,29,2019,2,4,63,41,447.56,15,10,41,10,21,10
928,18/07/2019,7,3,29,2019,2,1,18,35,386.35,64,11,43,3,17,33
927,17/07/2019,7,2,29,2019,2,3,48,39,398.57,34,10,40,3,19,19
926,16/07/2019,7,1,29,2019,2,2,36,39,396.93,44,9,35,8,20,22
925,15/07/2019,7,0,29,2019,2,5,77,44,449.63,3,13,49,6,23,3
924,14/07/2019,7,6,28,2019,2,3,44,36,340.02,30,39,128,11,16,14
923,13/07/2019,7,5,28,2019,2,3,46,38,377.91,30,41,133,9,16,15
922,12/07/2019,7,4,28,2019,2,4,61,41,401.35,23,12,46,6,21,15
921,11/07/2019,7,3,28,2019,2,4,60,40,427.69,20,12,47,9,21,14
920,10/07/2019,7,2,28,2019,2,3,44,37,416.06,39,12,46,5,19,22
919,09/07/2019,7,1,28,2019,2,4,60,40,416.07,18,12,46,6,20,11
918,08/07/2019,7,0,28,2019,2,5,73,42,459.76,7,13,50,5,21,6
917,07/07/2019,7,6,27,2019,2,4,57,38,412.94,20,42,136,11,18,11
916,06/07/2019,7,5,27,2019,2,5,68,35,356.35,10,38,125,4,16,6
915,05/07/2019,7,4,27,2019,2,5,70,38,393.62,7,9,37,9,19,6
914,04/07/2019,7,3,27,2019,2,4,56,38,419.05,24,12,45,9,20,14
913,03/07/2019,7,2,27,2019,2,3,52,44,469.32,25,13,51,5,24,15
912,02/07/2019,7,1,27,2019,2,1,22,39,402.51,52,12,46,3,20,27
911,01/07/2019,7,0,27,2019,2,4,65,42,440.87,19,8,32,3,23,13
910,30/06/2019,6,6,26,2019,1,4,59,37,376.69,22,37,122,6,18,13
909,29/06/2019,6,5,26,2019,1,3,46,37,395.11,38,38,123,2,17,19
908,28/06/2019,6,4,26,2019,1,4,59,37,361.83,25,8,35,0,18,13
907,27/06/2019,6,3,26,2019,1,3,42,34,329.87,38,9,37,2,18,21
906,26/06/2019,6,2,26,2019,1,3,43,36,362.32,36,10,39,0,20,20
905,25/06/2019,6,1,26,2019,1,4,57,39,377.77,27,15,53,1,20,17
904,24/06/2019,6,0,26,2019,1,6,88,43,450.53,0,11,44,0,22,4
903,23/06/2019,6,6,25,2019,1,4,58,37,381.5,18,39,127,7,17,10
902,22/06/2019,6,5,25,2019,1,3,45,36,373.39,38,38,125,4,17,18
901,21/06/2019,6,4,25,2019,1,5,70,40,411.29,8,14,54,3,21,6
900,20/06/2019,6,3,25,2019,1,3,45,38,423.22,34,12,45,2,20,19
899,19/06/2019,6,2,25,2019,1,4,58,38,377.7,22,11,44,5,20,16
898,18/06/2019,6,1,25,2019,1,2,34,38,368.7,51,11,43,2,19,26
897,17/06/2019,6,0,25,2019,1,4,58,36,386.38,23,7,32,4,18,13
896,16/06/2019,6,6,24,2019,1,4,57,39,383.45,19,43,141,1,17,12
895,15/06/2019,6,5,24,2019,1,3,47,39,388.07,30,40,128,0,18,15
894,14/06/2019,6,4,24,2019,1,4,60,40,422.74,20,12,46,4,21,12
893,13/06/2019,6,3,24,2019,1,3,47,38,375.89,37,10,42,0,18,21
892,12/06/2019,6,2,24,2019,1,2,29,33,326.93,52,9,38,8,19,27
891,11/06/2019,6,1,24,2019,1,4,58,38,376.4,23,11,43,3,20,13
890,10/06/2019,6,0,24,2019,1,4,65,43,430.1,18,9,36,3,23,11
889,09/06/2019,6,6,23,2019,1,2,32,37,389.19,50,42,136,3,17,25
888,08/06/2019,6,5,23,2019,1,3,45,37,404.85,34,40,130,4,18,16
887,07/06/2019,6,4,23,2019,1,5,69,38,390.06,11,12,45,0,19,8
886,06/06/2019,6,3,23,2019,1,4,63,42,427.78,21,11,45,5,22,12
885,05/06/2019,6,2,23,2019,1,2,36,39,382.65,49,10,41,6,20,28
884,04/06/2019,6,1,23,2019,1,3,47,38,365.35,37,9,37,4,21,21
883,03/06/2019,6,0,23,2019,1,4,58,39,380.5,20,11,43,0,20,13
882,02/06/2019,6,6,22,2019,1,2,30,35,340.8,52,40,131,9,17,26
881,01/06/2019,6,5,22,2019,1,4,55,36,377.94,24,40,130,0,15,14
880,31/05/2019,5,4,22,2019,1,4,57,36,367.13,22,8,34,7,19,13
879,30/05/2019,5,3,22,2019,1,4,60,38,347.68,25,7,32,5,19,14
878,29/05/2019,5,2,22,2019,1,4,56,37,366.14,19,11,44,2,19,12
877,28/05/2019,5,1,22,2019,1,4,60,39,371.61,20,9,35,11,22,14
876,27/05/2019,5,0,22,2019,1,6,91,46,437.75,7,13,49,9,23,6
875,26/05/2019,5,6,21,2019,1,3,46,37,346.97,32,39,127,10,17,16
874,25/05/2019,5,5,21,2019,1,1,17,35,351.38,64,42,136,2,16,30
873,24/05/2019,5,4,21,2019,1,3,47,38,351.5,32,9,37,5,20,18
872,23/05/2019,5,3,21,2019,1,2,31,34,347,47,7,32,6,20,25
871,22/05/2019,5,2,21,2019,1,5,74,42,424.76,1,11,42,7,21,2
870,21/05/2019,5,1,21,2019,1,4,55,37,377.22,23,13,51,13,20,14
869,20/05/2019,5,0,21,2019,1,4,61,40,375.71,13,11,45,16,22,10
868,19/05/2019,5,6,20,2019,1,4,57,38,394.79,23,43,139,11,17,11
867,18/05/2019,5,5,20,2019,1,3,43,35,333.26,35,39,128,6,17,17
866,17/05/2019,5,4,20,2019,1,4,58,38,380.3,25,10,41,7,20,14
865,16/05/2019,5,3,20,2019,1,1,22,39,400.76,61,13,48,3,20,34
864,15/05/2019,5,2,20,2019,1,2,34,38,441.06,47,11,44,6,18,26
863,14/05/2019,5,1,20,2019,1,6,81,38,384.13,2,11,42,0,19,5
862,13/05/2019,5,0,20,2019,1,4,64,43,457.07,16,12,47,7,23,10
861,12/05/2019,5,6,19,2019,1,4,58,36,389.65,22,37,120,8,17,13
860,11/05/2019,5,5,19,2019,1,4,56,35,365.26,24,38,124,8,18,15
859,10/05/2019,5,4,19,2019,1,5,70,39,413.76,7,12,46,9,19,7
858,09/05/2019,5,3,19,2019,1,2,36,41,417.53,43,13,49,7,22,24
857,08/05/2019,5,2,19,2019,1,2,36,39,408.16,45,9,38,10,20,25
856,07/05/2019,5,1,19,2019,1,2,34,36,354.29,39,6,29,12,18,20
855,06/05/2019,5,0,19,2019,1,5,78,43,450.99,4,8,34,6,22,5
854,05/05/2019,5,6,18,2019,1,3,41,36,379.87,38,44,139,4,16,20
853,04/05/2019,5,5,18,2019,1,4,57,34,362.53,19,34,111,12,15,11
852,03/05/2019,5,4,18,2019,1,3,51,42,408.58,25,10,41,6,21,16
851,02/05/2019,5,3,18,2019,1,2,35,38,369.18,46,9,38,10,23,26
850,01/05/2019,5,2,18,2019,1,1,23,36,350.97,56,5,25,7,19,30
849,30/04/2019,4,1,18,2019,1,5,71,38,406.02,10,9,37,10,20,10
848,29/04/2019,4,0,18,2019,1,4,57,37,383.53,25,10,39,11,19,16
847,28/04/2019,4,6,17,2019,1,3,45,37,384.67,36,41,134,16,17,17
846,27/04/2019,4,5,17,2019,1,3,47,39,438.05,28,41,132,4,18,17
845,26/04/2019,4,4,17,2019,1,3,43,35,356.89,36,10,37,7,19,22
844,25/04/2019,4,3,17,2019,1,3,43,34,355.24,43,7,31,12,19,24
843,24/04/2019,4,2,17,2019,1,3,47,41,423.2,33,16,57,11,22,18
842,23/04/2019,4,1,17,2019,1,3,49,38,340.3,35,5,26,8,21,21
841,22/04/2019,4,0,17,2019,1,6,87,41,393.96,0,8,34,6,21,3
840,21/04/2019,4,6,16,2019,1,4,62,42,462.04,16,42,137,2,19,10
839,20/04/2019,4,5,16,2019,1,4,60,38,391.92,23,37,123,14,18,15
838,19/04/2019,4,4,16,2019,1,3,48,39,388.13,33,9,37,7,21,19
837,18/04/2019,4,3,16,2019,1,3,46,37,396.14,34,9,38,17,20,19
836,17/04/2019,4,2,16,2019,1,4,61,40,392.01,18,10,41,10,22,13
835,16/04/2019,4,1,16,2019,1,2,32,36,363.65,50,9,36,12,19,28
834,15/04/2019,4,0,16,2019,1,5,75,43,438.97,3,12,47,6,22,4
833,14/04/2019,4,6,15,2019,1,4,52,33,373.99,32,40,129,10,16,17
832,13/04/2019,4,5,15,2019,1,3,41,36,382.04,36,45,145,8,18,19
831,12/04/2019,4,4,15,2019,1,5,67,38,387.62,13,15,56,16,22,10
830,11/04/2019,4,3,15,2019,1,3,45,37,369.99,35,10,40,10,20,20
829,10/04/2019,4,2,15,2019,1,4,64,41,436.44,10,7,29,10,22,6
828,09/04/2019,4,1,15,2019,1,1,23,37,374.27,56,7,31,8,22,30
827,08/04/2019,4,0,15,2019,1,6,85,39,407.8,1,8,35,14,22,4
826,07/04/2019,4,6,14,2019,1,3,46,38,385.69,32,41,132,4,20,18
825,06/04/2019,4,5,14,2019,1,3,46,38,413.8,35,41,133,11,18,18
824,05/04/2019,4,4,14,2019,1,4,59,39,394.69,21,11,43,7,21,13
823,04/04/2019,4,3,14,2019,1,1,25,40,424.53,56,10,39,15,22,29
822,03/04/2019,4,2,14,2019,1,0,8,36,371.7,71,9,38,12,19,39
821,02/04/2019,4,1,14,2019,1,4,56,36,384.01,25,10,42,12,18,14
820,01/04/2019,4,0,14,2019,1,6,89,44,463.19,0,11,44,10,22,3
819,31/03/2019,3,6,13,2019,0,2,30,34,344.67,51,39,128,23,15,26
818,30/03/2019,3,5,13,2019,0,2,32,36,361.46,46,41,133,12,19,24
817,29/03/2019,3,4,13,2019,0,4,54,35,375.62,29,10,38,8,17,19
816,28/03/2019,3,3,13,2019,0,3,42,34,332.98,38,9,37,10,18,23
815,27/03/2019,3,2,13,2019,0,3,44,35,340.56,28,7,32,17,19,16
814,26/03/2019,3,1,13,2019,0,2,26,33,357.79,55,13,50,0,18,31
813,25/03/2019,3,0,13,2019,0,7,101,43,444.98,4,10,40,9,22,6
812,24/03/2019,3,6,12,2019,0,2,30,35,372.59,47,41,134,19,20,24
811,23/03/2019,3,5,12,2019,0,3,44,38,388.74,35,44,142,15,21,19
810,22/03/2019,3,4,12,2019,0,5,67,36,375.84,14,11,44,12,20,10
809,21/03/2019,3,3,12,2019,0,1,18,34,303.99,65,9,36,15,19,36
808,20/03/2019,3,2,12,2019,0,2,34,37,407.19,47,8,35,17,20,26
807,19/03/2019,3,1,12,2019,0,3,50,41,430.9,29,10,42,11,22,17
806,18/03/2019,3,0,12,2019,0,6,87,41,431.99,0,9,37,7,23,3
805,17/03/2019,3,6,11,2019,0,3,42,35,382.68,35,40,131,12,18,19
804,16/03/2019,3,5,11,2019,0,4,61,39,421.82,15,39,129,14,19,10
803,15/03/2019,3,4,11,2019,0,2,34,37,370.05,44,10,38,18,22,25
802,14/03/2019,3,3,11,2019,0,4,61,39,381.46,16,8,35,7,21,9
801,13/03/2019,3,2,11,2019,0,2,34,37,399.48,48,8,33,12,21,27
800,12/03/2019,3,1,11,2019,0,2,34,37,361.97,46,9,36,12,20,26
799,11/03/2019,3,0,11,2019,0,6,89,44,459.79,1,12,43,23,24,5
798,10/03/2019,3,6,10,2019,0,1,17,34,338,61,40,131,18,17,30
797,09/03/2019,3,5,10,2019,0,3,47,38,410.17,31,39,126,8,19,17
796,08/03/2019,3,4,10,2019,0,4,58,38,396.35,21,10,42,21,20,14
795,07/03/2019,3,3,10,2019,0,3,44,37,357.83,35,11,41,14,19,20
794,06/03/2019,3,2,10,2019,0,3,53,44,459.49,24,11,44,21,23,14
793,05/03/2019,3,1,10,2019,0,2,32,37,395.81,49,12,45,14,20,28
792,04/03/2019,3,0,10,2019,0,6,91,44,454.24,0,9,38,18,25,4
791,03/03/2019,3,6,9,2019,0,3,47,38,365.7,35,40,129,11,19,20
790,02/03/2019,3,5,9,2019,0,2,32,35,344.36,44,39,125,11,18,23
789,01/03/2019,3,4,9,2019,0,5,69,37,377.84,9,10,41,13,21,8
788,28/02/2019,2,3,9,2019,0,3,44,37,363.52,39,12,47,6,21,23
787,27/02/2019,2,2,9,2019,0,4,50,32,351.19,30,10,41,20,18,18
786,26/02/2019,2,1,9,2019,0,3,47,38,413.47,34,10,40,13,22,20
785,25/02/2019,2,0,9,2019,0,5,75,42,424.59,8,11,45,23,23,6
784,24/02/2019,2,6,8,2019,0,3,43,34,355.77,36,37,121,21,17,19
783,23/02/2019,2,5,8,2019,0,3,49,40,406.25,32,41,132,20,22,17
782,22/02/2019,2,4,8,2019,0,4,59,40,448.06,17,13,48,19,21,13
781,21/02/2019,2,3,8,2019,0,5,69,37,344.07,7,9,36,12,20,6
780,20/02/2019,2,2,8,2019,0,3,46,38,383.51,37,11,42,15,21,22
779,19/02/2019,2,1,8,2019,0,3,43,36,355.51,36,11,41,19,21,22
778,18/02/2019,2,0,8,2019,0,4,61,41,420.89,20,11,42,13,22,13
777,17/02/2019,2,6,7,2019,0,3,43,37,348.28,40,42,135,9,18,22
776,16/02/2019,2,5,7,2019,0,3,50,42,455.81,30,42,135,9,21,17
775,15/02/2019,2,4,7,2019,0,4,58,38,367.52,22,10,41,20,21,15
774,14/02/2019,2,3,7,2019,0,4,55,36,407.85,28,10,40,18,20,16
773,13/02/2019,2,2,7,2019,0,3,52,43,447.47,26,11,43,22,25,16
772,12/02/2019,2,1,7,2019,0,4,57,37,373.11,23,10,39,20,22,15
771,11/02/2019,2,0,7,2019,0,6,90,44,462.61,0,11,43,15,24,3
770,10/02/2019,2,6,6,2019,0,2,32,35,359.85,50,39,128,19,18,26
769,09/02/2019,2,5,6,2019,0,1,21,36,360.88,59,38,123,22,18,29
768,08/02/2019,2,4,6,2019,0,4,57,38,383.73,21,13,50,17,22,13
767,07/02/2019,2,3,6,2019,0,3,47,38,396.33,33,10,40,18,21,20
766,06/02/2019,2,2,6,2019,0,2,32,37,374.12,49,12,45,15,20,30
765,05/02/2019,2,1,6,2019,0,4,56,37,385.66,22,11,40,14,21,15
764,04/02/2019,2,0,6,2019,0,6,85,41,429.98,0,11,42,21,22,2
763,03/02/2019,2,6,5,2019,0,4,55,36,361.25,26,41,133,21,18,15
762,02/02/2019,2,5,5,2019,0,2,29,34,372.97,53,40,129,17,19,28
761,01/02/2019,2,4,5,2019,0,3,46,37,413.86,37,8,34,17,22,23
760,31/01/2019,1,3,5,2019,0,2,36,38,419.35,40,8,36,20,22,23
759,30/01/2019,1,2,5,2019,0,4,55,35,316.48,24,10,41,20,19,17
758,29/01/2019,1,1,5,2019,0,2,34,37,399.14,50,10,40,16,22,29
757,28/01/2019,1,0,5,2019,0,5,75,42,416.83,6,10,38,20,23,6
756,27/01/2019,1,6,4,2019,0,3,44,34,323.81,39,36,117,26,17,21
755,26/01/2019,1,5,4,2019,0,2,34,38,382.32,46,41,132,19,19,26
754,25/01/2019,1,4,4,2019,0,3,52,42,443.65,33,9,37,28,21,19
753,24/01/2019,1,3,4,2019,0,4,54,34,340.92,30,9,37,27,19,18
752,23/01/2019,1,2,4,2019,0,2,36,39,411.04,44,9,36,22,23,26
751,22/01/2019,1,1,4,2019,0,5,73,41,427.94,10,11,43,19,24,9
750,21/01/2019,1,0,4,2019,0,6,94,45,463.95,1,7,33,15,27,6
749,20/01/2019,1,6,3,2019,0,2,31,35,348.6,46,40,130,25,19,23
748,19/01/2019,1,5,3,2019,0,3,50,42,426.8,32,42,135,7,22,18
747,18/01/2019,1,4,3,2019,0,4,62,41,414.08,19,11,41,23,23,15
746,17/01/2019,1,3,3,2019,0,2,32,35,347.47,48,7,31,20,20,29
745,16/01/2019,1,2,3,2019,0,5,66,35,362.6,16,11,42,16,20,11
744,15/01/2019,1,1,3,2019,0,2,34,37,392.08,46,9,35,27,21,25
743,14/01/2019,1,0,3,2019,0,3,56,45,445.85,22,10,38,16,26,13
742,13/01/2019,1,6,2,2019,0,3,43,36,373.55,43,40,128,23,18,25
741,12/01/2019,1,5,2,2019,0,5,71,39,404.72,4,40,128,19,19,3
740,11/01/2019,1,4,2,2019,0,3,48,40,395.8,32,11,44,5,21,20
739,10/01/2019,1,3,2,2019,0,3,49,40,408.51,32,11,42,21,23,20
738,09/01/2019,1,2,2,2019,0,3,48,40,436.59,32,11,42,22,24,21
737,08/01/2019,1,1,2,2019,0,3,45,37,398.35,34,9,37,22,21,20
736,07/01/2019,1,0,2,2019,0,5,73,40,442.95,8,10,40,13,22,7
735,06/01/2019,1,6,1,2019,0,4,54,35,386.12,23,40,130,24,16,15
734,05/01/2019,1,5,1,2019,0,3,40,32,347.09,40,38,125,27,15,23
733,04/01/2019,1,4,1,2019,0,3,47,38,416.7,40,10,38,17,22,24
732,03/01/2019,1,3,1,2019,0,2,35,40,425.63,52,13,49,28,22,31
731,02/01/2019,1,2,1,2019,0,2,34,38,410.49,45,11,43,19,22,25
730,01/01/2019,1,1,1,2019,0,4,58,38,363.62,24,11,44,19,20,15
729,31/12/2018,12,0,1,2018,3,4,65,43,444.28,14,10,41,33,25,9
728,30/12/2018,12,6,52,2018,3,2,31,37,352.72,45,44,141,24,20,24
727,29/12/2018,12,5,52,2018,3,4,61,39,421.39,15,37,121,19,20,11
726,28/12/2018,12,4,52,2018,3,2,32,35,363.7,49,8,35,22,21,29
725,27/12/2018,12,3,52,2018,3,3,48,40,417.13,30,11,42,21,23,18
724,26/12/2018,12,2,52,2018,3,3,48,39,387.41,32,10,41,16,22,21
723,25/12/2018,12,1,52,2018,3,5,67,35,334.64,10,8,34,28,19,9
722,24/12/2018,12,0,52,2018,3,4,66,44,436.06,11,10,41,17,26,7
721,23/12/2018,12,6,51,2018,3,4,58,39,397.79,22,43,140,15,20,13
720,22/12/2018,12,5,51,2018,3,3,42,36,370.09,41,42,135,18,18,21
719,21/12/2018,12,4,51,2018,3,3,45,38,396.56,33,11,44,33,22,22
718,20/12/2018,12,3,51,2018,3,3,45,38,395.54,35,13,48,21,22,21
717,19/12/2018,12,2,51,2018,3,3,45,37,408.36,38,11,44,35,22,22
716,18/12/2018,12,1,51,2018,3,3,49,39,401.43,27,8,33,12,22,17
715,17/12/2018,12,0,51,2018,3,5,70,39,384.52,7,12,46,20,23,8
714,16/12/2018,12,6,50,2018,3,3,46,38,366.72,33,41,133,32,20,19
713,15/12/2018,12,5,50,2018,3,2,38,41,429.93,42,40,129,31,21,25
712,14/12/2018,12,4,50,2018,3,4,58,37,396.47,19,9,38,37,22,14
711,13/12/2018,12,3,50,2018,3,4,54,36,354.24,27,11,43,24,20,17
710,12/12/2018,12,2,50,2018,3,3,45,38,412.1,34,12,46,17,22,21
709,11/12/2018,12,1,50,2018,3,3,42,36,384,36,12,46,25,20,24
708,10/12/2018,12,0,50,2018,3,5,71,39,380.19,14,10,40,16,22,11
707,09/12/2018,12,6,49,2018,3,3,43,36,380.61,38,41,133,20,20,23
706,08/12/2018,12,5,49,2018,3,4,57,38,401.59,19,41,131,25,20,12
705,07/12/2018,12,4,49,2018,3,4,61,38,380.55,17,6,28,18,21,13
704,06/12/2018,12,3,49,2018,3,4,61,40,391.42,16,10,39,33,24,13
703,05/12/2018,12,2,49,2018,3,3,49,41,451.27,33,12,45,10,24,19
702,04/12/2018,12,1,49,2018,3,1,23,38,360.58,53,9,36,6,22,32
701,03/12/2018,12,0,49,2018,3,4,67,43,414.61,16,7,31,13,26,12
700,02/12/2018,12,6,48,2018,3,2,37,41,407.79,41,41,133,15,21,22
699,01/12/2018,12,5,48,2018,3,4,57,36,344.83,25,39,127,28,18,15
698,30/11/2018,11,4,48,2018,3,3,45,38,404.62,35,13,50,21,21,22
697,29/11/2018,11,3,48,2018,3,2,33,36,343.2,43,9,38,24,23,24
696,28/11/2018,11,2,48,2018,3,2,41,42,417.3,38,9,36,28,25,23
695,27/11/2018,11,1,48,2018,3,5,70,36,379.91,2,7,29,14,21,3
694,26/11/2018,11,0,48,2018,3,4,69,44,454.64,11,6,29,29,26,9
693,25/11/2018,11,6,47,2018,3,1,19,35,365.98,64,39,128,33,19,33
692,24/11/2018,11,5,47,2018,3,3,46,38,372.59,36,41,134,20,21,21
691,23/11/2018,11,4,47,2018,3,5,69,37,399.34,14,10,40,31,20,11
690,22/11/2018,11,3,47,2018,3,3,44,37,392.69,39,11,45,20,23,24
689,21/11/2018,11,2,47,2018,3,1,21,36,351.94,60,9,36,16,19,35
688,20/11/2018,11,1,47,2018,3,3,48,39,394.85,28,10,41,11,24,19
687,19/11/2018,11,0,47,2018,3,5,79,45,472.59,0,11,42,25,27,4
686,18/11/2018,11,6,46,2018,3,4,54,34,357.9,28,38,125,16,18,17
685,17/11/2018,11,5,46,2018,3,3,46,36,394.73,33,37,120,20,20,16
684,16/11/2018,11,4,46,2018,3,4,62,41,416.32,16,9,36,10,23,11
683,15/11/2018,11,3,46,2018,3,3,44,39,402.47,35,16,58,19,23,22
682,14/11/2018,11,2,46,2018,3,2,34,36,389.76,44,7,30,31,22,28
681,13/11/2018,11,1,46,2018,3,1,20,36,384.45,53,11,44,8,21,30
680,12/11/2018,11,0,46,2018,3,4,66,43,449.14,15,9,38,22,24,10
679,11/11/2018,11,6,45,2018,3,5,74,41,374.15,4,40,131,21,22,5
678,10/11/2018,11,5,45,2018,3,1,20,36,372.05,60,41,134,27,19,33
677,09/11/2018,11,4,45,2018,3,6,82,38,376.68,2,11,44,14,23,4
676,08/11/2018,11,3,45,2018,3,3,45,38,387.42,35,13,48,23,23,22
675,07/11/2018,11,2,45,2018,3,4,58,38,390.89,21,10,40,17,23,13
674,06/11/2018,11,1,45,2018,3,3,46,41,438.24,34,16,58,18,24,22
673,05/11/2018,11,0,45,2018,3,9,119,39,383.94,1,10,38,17,23,6
672,04/11/2018,11,6,44,2018,3,4,57,38,370.46,27,41,135,12,20,17
671,03/11/2018,11,5,44,2018,3,4,55,35,369.59,18,39,127,31,18,12
670,02/11/2018,11,4,44,2018,3,4,54,34,324.64,24,9,38,28,18,15
669,01/11/2018,11,3,44,2018,3,3,45,36,368.5,35,7,31,3,23,21
668,31/10/2018,10,2,44,2018,3,1,20,34,315.26,66,7,31,17,21,39
667,30/10/2018,10,1,44,2018,3,4,60,41,418.09,17,13,48,14,23,12
666,29/10/2018,10,0,44,2018,3,5,74,40,424.49,5,8,34,18,24,6
665,28/10/2018,10,6,43,2018,3,3,40,34,339.45,35,41,131,12,18,19
664,27/10/2018,10,5,43,2018,3,4,55,35,375.58,24,39,128,14,16,15
663,26/10/2018,10,4,43,2018,3,5,73,41,394.8,10,12,45,11,23,9
662,25/10/2018,10,3,43,2018,3,2,35,38,369.93,43,8,33,16,23,28
661,24/10/2018,10,2,43,2018,3,4,60,40,390.14,19,11,45,19,24,13
660,23/10/2018,10,1,43,2018,3,2,33,38,412.82,49,12,44,20,23,29
659,22/10/2018,10,0,43,2018,3,6,89,43,439.98,5,10,39,12,26,4
658,21/10/2018,10,6,42,2018,3,2,34,38,406.17,45,42,135,5,21,27
657,20/10/2018,10,5,42,2018,3,4,59,39,400.19,24,41,133,4,22,15
656,19/10/2018,10,4,42,2018,3,3,44,36,385.94,33,10,41,7,22,22
655,18/10/2018,10,3,42,2018,3,4,56,36,355.4,24,9,38,6,21,17
654,17/10/2018,10,2,42,2018,3,5,64,34,355.56,14,12,46,20,20,13
653,16/10/2018,10,1,42,2018,3,3,41,35,374.78,38,12,46,8,21,24
652,15/10/2018,10,0,42,2018,3,6,88,43,436.78,0,11,45,19,25,3
651,14/10/2018,10,6,41,2018,3,4,60,38,412.1,26,38,125,17,21,18
650,13/10/2018,10,5,41,2018,3,3,46,39,413,38,42,135,13,21,22
649,12/10/2018,10,4,41,2018,3,2,34,37,393.24,43,8,35,9,23,27
648,11/10/2018,10,3,41,2018,3,4,59,39,386.67,20,11,44,14,23,15
647,10/10/2018,10,2,41,2018,3,3,50,41,425.23,25,11,41,11,24,17
646,09/10/2018,10,1,41,2018,3,1,22,37,373.22,59,9,37,12,23,36
645,08/10/2018,10,0,41,2018,3,4,70,48,493.48,11,12,49,12,29,9
644,07/10/2018,10,6,40,2018,3,3,45,35,378.47,40,35,114,12,21,23
643,06/10/2018,10,5,40,2018,3,2,37,43,456.93,47,46,148,13,22,26
642,05/10/2018,10,4,40,2018,3,3,43,36,356.58,41,12,45,14,23,25
641,04/10/2018,10,3,40,2018,3,5,69,37,373.4,13,10,42,27,22,12
640,03/10/2018,10,2,40,2018,3,4,60,41,416.7,18,14,53,13,26,13
639,02/10/2018,10,1,40,2018,3,2,39,40,447.36,42,8,35,17,24,27
638,01/10/2018,10,0,40,2018,3,4,64,44,475.81,15,14,54,24,26,11
637,30/09/2018,9,6,39,2018,2,3,44,37,378.84,35,41,134,13,20,19
636,29/09/2018,9,5,39,2018,2,3,45,35,328.22,36,37,120,14,18,21
635,28/09/2018,9,4,39,2018,2,6,80,37,381.32,2,10,39,11,22,4
634,27/09/2018,9,3,39,2018,2,2,28,34,370.03,48,11,42,8,20,31
633,26/09/2018,9,2,39,2018,2,3,46,38,384.16,27,11,43,18,24,18
632,25/09/2018,9,1,39,2018,2,2,35,37,376.56,52,8,35,4,23,34
631,24/09/2018,9,0,39,2018,2,5,79,44,461.63,5,10,40,15,25,6
630,23/09/2018,9,6,38,2018,2,3,52,44,450.21,24,44,142,8,23,15
629,22/09/2018,9,5,38,2018,2,4,59,38,393.56,21,38,125,27,22,15
628,21/09/2018,9,4,38,2018,2,3,48,38,399.56,28,7,30,24,24,17
627,20/09/2018,9,3,38,2018,2,3,49,41,418.31,28,12,46,17,25,19
626,19/09/2018,9,2,38,2018,2,3,45,37,368.52,32,11,44,15,22,20
625,18/09/2018,9,1,38,2018,2,4,58,38,415.14,20,11,43,23,22,15
624,17/09/2018,9,0,38,2018,2,6,88,43,450.21,1,11,43,13,26,5
623,16/09/2018,9,6,37,2018,2,3,47,38,407.47,35,39,127,14,19,20
622,15/09/2018,9,5,37,2018,2,3,42,33,323.29,43,36,118,23,19,26
621,14/09/2018,9,4,37,2018,2,4,62,41,378.17,23,9,37,14,25,17
620,13/09/2018,9,3,37,2018,2,3,44,38,397.03,34,13,50,7,23,22
619,12/09/2018,9,2,37,2018,2,5,74,42,432.92,13,12,45,15,25,11
618,11/09/2018,9,1,37,2018,2,4,61,39,377.86,13,8,34,18,25,11
617,10/09/2018,9,0,37,2018,2,6,93,46,491.19,0,10,40,17,29,3
616,09/09/2018,9,6,36,2018,2,3,46,39,397.15,36,43,140,7,22,21
615,08/09/2018,9,5,36,2018,2,4,58,40,415.31,25,43,138,6,20,17
614,07/09/2018,9,4,36,2018,2,5,73,41,423.07,6,11,44,20,22,6
613,06/09/2018,9,3,36,2018,2,2,37,41,423.44,40,12,43,16,25,26
612,05/09/2018,9,2,36,2018,2,3,47,39,418.5,29,12,46,14,23,19
611,04/09/2018,9,1,36,2018,2,3,44,37,385.03,39,11,43,12,21,27
610,03/09/2018,9,0,36,2018,2,6,89,42,415.5,3,8,34,11,25,6
609,02/09/2018,9,6,35,2018,2,2,37,38,387.26,40,37,121,14,20,25
608,01/09/2018,9,5,35,2018,2,3,47,38,389.16,32,40,132,13,22,19
607,31/08/2018,8,4,35,2018,2,4,66,44,448.87,18,10,41,20,26,15
606,30/08/2018,8,3,35,2018,2,4,62,39,379.7,20,6,30,15,25,16
605,29/08/2018,8,2,35,2018,2,3,46,37,398.77,31,9,37,9,22,19
604,28/08/2018,8,1,35,2018,2,1,24,39,397.53,54,9,38,9,25,34
603,27/08/2018,8,0,35,2018,2,6,87,42,425.42,2,11,42,10,27,3
602,26/08/2018,8,6,34,2018,2,3,47,38,374.35,36,38,123,5,21,20
601,25/08/2018,8,5,34,2018,2,3,44,34,325.69,34,36,118,14,21,20
600,24/08/2018,8,4,34,2018,2,6,84,40,442.25,0,10,41,9,25,4
599,23/08/2018,8,3,34,2018,2,2,38,40,393.79,46,8,34,20,22,29
598,22/08/2018,8,2,34,2018,2,4,55,36,397.9,26,10,41,7,22,20
597,21/08/2018,8,1,34,2018,2,4,60,39,418.84,19,9,37,3,24,14
596,20/08/2018,8,0,34,2018,2,7,96,39,393.17,3,10,41,9,25,7
595,19/08/2018,8,6,33,2018,2,2,38,40,420.87,46,40,128,11,23,26
594,18/08/2018,8,5,33,2018,2,4,59,40,405.34,20,43,139,7,23,13
593,17/08/2018,8,4,33,2018,2,3,44,35,393.9,40,8,34,4,22,27
592,16/08/2018,8,3,33,2018,2,4,58,38,400.64,22,11,42,5,24,16
591,15/08/2018,8,2,33,2018,2,3,46,37,411.53,33,9,36,8,22,23
590,14/08/2018,8,1,33,2018,2,3,38,31,288.93,40,8,35,10,18,26
589,13/08/2018,8,0,33,2018,2,8,110,42,404.3,1,12,45,17,26,6
588,12/08/2018,8,6,32,2018,2,5,76,42,463.37,5,40,130,7,24,7
587,11/08/2018,8,5,32,2018,2,3,43,36,399.44,38,40,130,17,18,24
586,10/08/2018,8,4,32,2018,2,4,61,41,456.33,22,11,44,10,24,15
585,09/08/2018,8,3,32,2018,2,2,34,39,424.21,41,13,49,11,23,27
584,08/08/2018,8,2,32,2018,2,4,66,43,420.2,19,8,33,11,26,15
583,07/08/2018,8,1,32,2018,2,2,37,39,380.73,44,7,30,5,25,29
582,06/08/2018,8,0,32,2018,2,6,86,41,437.79,0,9,37,18,24,6
581,05/08/2018,8,6,31,2018,2,3,41,35,334.74,36,41,134,6,20,22
580,04/08/2018,8,5,31,2018,2,3,50,40,421.98,27,38,124,3,23,17
579,03/08/2018,8,4,31,2018,2,3,43,37,348.73,37,12,45,8,22,24
578,02/08/2018,8,3,31,2018,2,3,44,37,400.59,37,11,42,14,23,25
577,01/08/2018,8,2,31,2018,2,3,48,41,411.16,36,13,50,0,24,25
576,31/07/2018,7,1,31,2018,2,2,30,34,317.73,54,8,37,8,22,35
575,30/07/2018,7,0,31,2018,2,4,61,41,429.79,17,11,43,3,26,12
574,29/07/2018,7,6,30,2018,2,4,60,39,401.79,23,38,125,3,22,15
573,28/07/2018,7,5,30,2018,2,4,54,35,347.75,26,41,132,6,20,18
572,27/07/2018,7,4,30,2018,2,5,72,40,413.22,9,12,45,6,25,9
571,26/07/2018,7,3,30,2018,2,3,48,39,341.01,33,9,37,4,24,23
570,25/07/2018,7,2,30,2018,2,2,33,34,320.52,47,5,24,10,19,30
569,24/07/2018,7,1,30,2018,2,2,36,38,373.01,40,7,31,10,23,27
568,23/07/2018,7,0,30,2018,2,6,92,47,469.75,3,12,46,3,29,7
567,22/07/2018,7,6,29,2018,2,4,60,41,420.51,18,43,139,3,23,13
566,21/07/2018,7,5,29,2018,2,2,39,44,435.48,39,45,144,1,24,24
565,20/07/2018,7,4,29,2018,2,5,66,37,389.05,16,14,52,3,24,13
564,19/07/2018,7,3,29,2018,2,3,45,36,397.09,32,8,34,8,23,24
563,18/07/2018,7,2,29,2018,2,3,40,35,356.1,42,13,48,6,23,27
562,17/07/2018,7,1,29,2018,2,4,55,35,350.66,25,8,33,11,22,18
561,16/07/2018,7,0,29,2018,2,5,76,42,458.93,6,10,41,6,27,6
560,15/07/2018,7,6,28,2018,2,1,21,39,428.61,58,44,143,10,22,35
559,14/07/2018,7,5,28,2018,2,5,69,36,375.26,13,38,123,4,21,11
558,13/07/2018,7,4,28,2018,2,3,46,37,361.25,29,9,36,3,24,19
557,12/07/2018,7,3,28,2018,2,1,22,36,372.97,55,7,29,7,22,33
556,11/07/2018,7,2,28,2018,2,2,34,40,448.08,43,15,56,0,25,29
555,10/07/2018,7,1,28,2018,2,3,46,38,396.76,36,11,44,9,23,25
554,09/07/2018,7,0,28,2018,2,5,77,41,376.83,1,7,31,11,26,3
553,08/07/2018,7,6,27,2018,2,4,59,36,358.17,19,35,114,5,22,12
552,07/07/2018,7,5,27,2018,2,1,21,35,339.67,54,37,123,2,20,32
551,06/07/2018,7,4,27,2018,2,3,46,39,386.31,35,13,49,4,23,23
550,05/07/2018,7,3,27,2018,2,2,34,39,404.79,47,12,48,8,23,31
549,04/07/2018,7,2,27,2018,2,1,20,36,388.34,63,10,40,13,22,40
548,03/07/2018,7,1,27,2018,2,2,36,38,370.45,39,7,31,9,24,26
547,02/07/2018,7,0,27,2018,2,5,79,45,444.7,3,10,39,3,29,5
546,01/07/2018,7,6,26,2018,2,4,62,41,436.01,23,41,133,9,23,15
545,30/06/2018,6,5,26,2018,1,3,48,38,403.58,32,37,119,5,23,21
544,29/06/2018,6,4,26,2018,1,4,57,37,389.86,20,9,37,6,23,13
543,28/06/2018,6,3,26,2018,1,3,48,38,406.27,30,7,33,5,25,19
542,27/06/2018,6,2,26,2018,1,3,48,40,392.75,36,12,47,4,26,25
541,26/06/2018,6,1,26,2018,1,3,47,40,413.77,33,12,46,3,26,22
540,25/06/2018,6,0,26,2018,1,4,63,42,427.26,17,10,40,7,26,13
539,24/06/2018,6,6,25,2018,1,2,36,39,389.91,46,40,128,0,22,27
538,23/06/2018,6,5,25,2018,1,5,72,40,380.44,8,40,132,1,23,6
537,22/06/2018,6,4,25,2018,1,6,85,42,388.76,0,13,50,1,26,4
536,21/06/2018,6,3,25,2018,1,3,42,34,349.98,38,9,38,0,23,27
535,20/06/2018,6,2,25,2018,1,3,48,40,431.51,36,11,43,0,24,23
534,19/06/2018,6,1,25,2018,1,2,33,38,404.93,50,11,42,2,25,33
533,18/06/2018,6,0,25,2018,1,5,73,40,412.12,7,10,40,2,27,6
532,17/06/2018,6,6,24,2018,1,4,55,37,394.44,24,43,137,6,21,15
531,16/06/2018,6,5,24,2018,1,4,55,35,358.42,26,39,126,0,22,18
530,15/06/2018,6,4,24,2018,1,5,66,34,368.36,15,7,30,5,23,13
529,14/06/2018,6,3,24,2018,1,2,30,37,370.52,50,15,56,2,24,33
528,13/06/2018,6,2,24,2018,1,3,42,36,391.77,32,13,51,4,23,22
527,12/06/2018,6,1,24,2018,1,5,69,37,364.15,11,9,38,5,24,10
526,11/06/2018,6,0,24,2018,1,5,71,38,424.88,9,10,40,2,24,10
525,10/06/2018,6,6,23,2018,1,2,32,37,380.23,47,42,136,3,21,30
524,09/06/2018,6,5,23,2018,1,1,21,37,404.67,57,40,131,6,21,34
523,08/06/2018,6,4,23,2018,1,5,68,35,362.78,10,8,35,8,21,9
522,07/06/2018,6,3,23,2018,1,2,32,37,368.68,52,11,45,7,23,33
521,06/06/2018,6,2,23,2018,1,3,47,40,387.98,35,12,44,1,26,26
520,05/06/2018,6,1,23,2018,1,3,47,40,393.07,36,13,49,2,24,23
519,04/06/2018,6,0,23,2018,1,4,64,42,443.73,14,10,40,2,26,11
518,03/06/2018,6,6,22,2018,1,1,21,38,421.12,58,42,135,2,23,33
517,02/06/2018,6,5,22,2018,1,2,34,38,415.67,46,41,134,2,23,27
516,01/06/2018,6,4,22,2018,1,4,54,36,346.95,28,12,49,6,24,19
515,31/05/2018,5,3,22,2018,1,4,57,38,408,23,12,44,6,24,17
514,30/05/2018,5,2,22,2018,1,3,46,38,409.75,41,10,38,2,25,30
513,29/05/2018,5,1,22,2018,1,4,57,38,394.07,22,12,45,3,24,15
512,28/05/2018,5,0,22,2018,1,4,62,43,442.48,20,14,51,3,27,14
511,27/05/2018,5,6,21,2018,1,2,32,34,380.63,48,36,118,10,19,28
510,26/05/2018,5,5,21,2018,1,3,45,36,376.08,32,38,123,5,20,20
509,25/05/2018,5,4,21,2018,1,3,46,38,373.87,34,10,40,7,24,24
508,24/05/2018,5,3,21,2018,1,3,46,39,458.99,26,12,45,4,25,20
507,23/05/2018,5,2,21,2018,1,4,61,39,413.31,18,8,33,13,26,14
506,22/05/2018,5,1,21,2018,1,2,34,39,432.68,40,13,49,10,25,26
505,21/05/2018,5,0,21,2018,1,6,87,42,471.45,0,11,44,11,29,4
504,20/05/2018,5,6,20,2018,1,3,50,40,437.91,33,39,127,10,24,20
503,19/05/2018,5,5,20,2018,1,3,44,35,340.76,32,37,120,9,20,20
502,18/05/2018,5,4,20,2018,1,4,61,40,408.77,18,10,42,8,24,15
501,17/05/2018,5,3,20,2018,1,2,38,42,454.43,41,13,47,5,27,26
500,16/05/2018,5,2,20,2018,1,5,74,41,425.13,6,11,44,6,27,9
499,15/05/2018,5,1,20,2018,1,1,20,36,373.43,61,10,39,10,23,40
498,14/05/2018,5,0,20,2018,1,6,86,41,432.34,0,10,40,14,27,3
497,13/05/2018,5,6,19,2018,1,2,36,40,430.83,43,41,133,6,23,26
496,12/05/2018,5,5,19,2018,1,3,46,38,373.59,39,40,130,0,24,26
495,11/05/2018,5,4,19,2018,1,5,71,38,357.35,5,9,37,6,24,7
494,10/05/2018,5,3,19,2018,1,2,33,36,375.21,46,9,38,1,23,29
493,09/05/2018,5,2,19,2018,1,3,48,39,453.74,33,10,39,0,24,23
492,08/05/2018,5,1,19,2018,1,5,68,37,385.46,14,11,44,10,23,13
491,07/05/2018,5,0,19,2018,1,4,65,43,427.22,14,9,37,6,28,12
490,06/05/2018,5,6,18,2018,1,4,56,37,372.29,21,41,133,9,22,14
489,05/05/2018,5,5,18,2018,1,3,45,37,364.75,38,39,127,7,23,25
488,04/05/2018,5,4,18,2018,1,3,53,45,454.76,29,13,48,5,30,20
487,03/05/2018,5,3,18,2018,1,4,56,36,380.55,25,10,40,4,24,19
486,02/05/2018,5,2,18,2018,1,4,60,40,393.72,19,12,46,4,27,14
485,01/05/2018,5,1,18,2018,1,1,18,34,326.34,57,10,40,7,24,37
484,30/04/2018,4,0,18,2018,1,5,77,44,428.83,0,11,45,10,28,3
483,29/04/2018,4,6,17,2018,1,4,56,37,367.38,21,41,133,5,22,16
482,28/04/2018,4,5,17,2018,1,4,57,37,369.31,23,39,127,8,22,16
481,27/04/2018,4,4,17,2018,1,5,68,37,381.93,14,11,45,18,25,13
480,26/04/2018,4,3,17,2018,1,2,37,40,412.82,45,11,44,10,26,31
479,25/04/2018,4,2,17,2018,1,3,43,35,341.93,34,9,36,1,22,23
478,24/04/2018,4,1,17,2018,1,2,37,39,389.45,44,9,37,11,24,30
477,23/04/2018,4,0,17,2018,1,5,74,42,422.97,3,12,44,6,27,4
476,22/04/2018,4,6,16,2018,1,3,47,38,390.1,34,39,128,13,23,23
475,21/04/2018,4,5,16,2018,1,4,52,34,346.48,24,42,135,6,22,18
474,20/04/2018,4,4,16,2018,1,4,61,41,406.94,23,11,42,10,28,16
473,19/04/2018,4,3,16,2018,1,2,32,37,365.6,52,12,47,6,25,35
472,18/04/2018,4,2,16,2018,1,2,39,41,435.3,43,9,38,8,27,29
471,17/04/2018,4,1,16,2018,1,2,39,40,434.08,42,8,36,6,26,29
470,16/04/2018,4,0,16,2018,1,4,63,42,392.21,17,10,38,9,28,14
469,15/04/2018,4,6,15,2018,1,3,49,39,421.66,32,39,127,7,23,21
468,14/04/2018,4,5,15,2018,1,2,35,38,395.5,42,38,124,15,24,27
467,13/04/2018,4,4,15,2018,1,5,65,34,386.02,18,10,39,12,23,14
466,12/04/2018,4,3,15,2018,1,5,70,38,386.49,8,10,39,5,25,9
465,11/04/2018,4,2,15,2018,1,2,36,39,421.59,44,9,34,13,25,31
464,10/04/2018,4,1,15,2018,1,2,30,35,365.99,45,11,41,11,23,31
463,09/04/2018,4,0,15,2018,1,5,74,42,467.82,4,12,46,9,30,5
462,08/04/2018,4,6,14,2018,1,2,39,42,447.92,37,41,133,7,25,22
461,07/04/2018,4,5,14,2018,1,5,69,37,408.42,12,39,127,18,23,10
460,06/04/2018,4,4,14,2018,1,3,45,38,410.05,34,12,46,9,25,24
459,05/04/2018,4,3,14,2018,1,2,32,36,373.94,48,10,40,14,25,33
458,04/04/2018,4,2,14,2018,1,2,31,36,380.28,49,10,40,15,24,33
457,03/04/2018,4,1,14,2018,1,2,37,41,452.06,37,13,50,6,28,23
456,02/04/2018,4,0,14,2018,1,5,74,40,392.79,6,8,34,7,25,9
455,01/04/2018,4,6,13,2018,1,4,62,40,401.6,15,39,127,11,24,12
454,31/03/2018,3,5,13,2018,0,3,46,40,431.64,36,45,146,23,23,23
453,30/03/2018,3,4,13,2018,0,4,60,40,430.99,22,10,38,16,25,16
452,29/03/2018,3,3,13,2018,0,4,59,39,402.55,24,10,40,12,25,18
451,28/03/2018,3,2,13,2018,0,3,46,38,394.6,32,10,42,15,24,22
450,27/03/2018,3,1,13,2018,0,3,42,34,339.9,40,9,37,18,22,28
449,26/03/2018,3,0,13,2018,0,6,85,40,443.42,1,9,36,12,27,2
448,25/03/2018,3,6,12,2018,0,3,46,38,360.22,33,40,127,7,22,23
447,24/03/2018,3,5,12,2018,0,4,55,34,387.83,29,36,119,15,22,20
446,23/03/2018,3,4,12,2018,0,4,57,37,382.96,21,9,36,17,25,17
445,22/03/2018,3,3,12,2018,0,4,55,36,405.08,22,12,47,19,23,17
444,21/03/2018,3,2,12,2018,0,2,32,36,396.22,49,9,39,4,22,34
443,20/03/2018,3,1,12,2018,0,4,58,39,398.75,22,13,50,17,27,16
442,19/03/2018,3,0,12,2018,0,7,100,43,445.88,6,10,41,12,27,11
441,18/03/2018,3,6,11,2018,0,3,48,39,395.84,33,39,126,15,24,23
440,17/03/2018,3,5,11,2018,0,5,65,33,341.66,13,37,121,23,22,11
439,16/03/2018,3,4,11,2018,0,5,70,38,417.36,8,9,37,18,23,8
438,15/03/2018,3,3,11,2018,0,4,57,37,402.09,22,10,41,14,23,17
437,14/03/2018,3,2,11,2018,0,3,43,35,384.8,36,10,38,16,22,26
436,13/03/2018,3,1,11,2018,0,1,24,41,407.93,56,14,51,9,27,38
435,12/03/2018,3,0,11,2018,0,5,83,46,495.45,0,6,29,17,31,3
434,11/03/2018,3,6,10,2018,0,3,48,39,397.79,32,40,133,18,23,22
433,10/03/2018,3,5,10,2018,0,3,50,41,410.72,31,40,131,14,24,21
432,09/03/2018,3,4,10,2018,0,3,46,37,396.34,33,8,33,14,26,24
431,08/03/2018,3,3,10,2018,0,4,60,40,424.27,18,12,45,14,27,15
430,07/03/2018,3,2,10,2018,0,4,57,38,408.08,21,13,51,9,25,16
429,06/03/2018,3,1,10,2018,0,3,45,37,378.68,31,10,41,7,23,22
428,05/03/2018,3,0,10,2018,0,7,102,43,448.97,3,8,33,11,30,6
427,04/03/2018,3,6,9,2018,0,4,59,38,375.53,18,39,128,27,23,13
426,03/03/2018,3,5,9,2018,0,2,31,37,407.42,55,42,137,24,21,34
425,02/03/2018,3,4,9,2018,0,2,33,38,400.05,44,11,43,22,26,30
424,01/03/2018,3,3,9,2018,0,2,36,39,403.46,37,11,42,10,26,25
423,28/02/2018,2,2,9,2018,0,3,48,40,388.28,31,12,47,15,27,22
422,27/02/2018,2,1,9,2018,0,1,21,37,405.03,63,10,40,17,26,43
421,26/02/2018,2,0,9,2018,0,5,78,44,454.45,4,10,41,14,28,5
420,25/02/2018,2,6,8,2018,0,4,60,39,395.62,15,39,126,13,24,11
419,24/02/2018,2,5,8,2018,0,3,46,39,382.41,37,43,140,21,23,22
418,23/02/2018,2,4,8,2018,0,4,57,37,383.19,26,10,40,10,27,20
417,22/02/2018,2,3,8,2018,0,3,47,37,402.64,29,7,31,24,27,21
416,21/02/2018,2,2,8,2018,0,3,49,40,395.14,37,9,37,7,26,26
415,20/02/2018,2,1,8,2018,0,4,57,39,398.25,21,14,50,27,24,18
414,19/02/2018,2,0,8,2018,0,6,87,43,446.25,0,12,45,12,28,4
413,18/02/2018,2,6,7,2018,0,4,62,41,410.62,24,39,128,14,26,16
412,17/02/2018,2,5,7,2018,0,4,48,31,319.45,35,42,137,24,20,23
411,16/02/2018,2,4,7,2018,0,3,44,36,346.4,34,10,40,19,24,26
410,15/02/2018,2,3,7,2018,0,3,46,38,382.59,36,11,43,10,26,27
409,14/02/2018,2,2,7,2018,0,2,32,36,332.8,47,10,39,11,24,32
408,13/02/2018,2,1,7,2018,0,2,31,35,363.04,46,10,39,8,22,33
407,12/02/2018,2,0,7,2018,0,5,76,42,422.34,1,8,34,7,29,3
406,11/02/2018,2,6,6,2018,0,5,74,42,427.84,9,42,136,12,27,10
405,10/02/2018,2,5,6,2018,0,4,59,37,366.16,22,37,121,18,22,15
404,09/02/2018,2,4,6,2018,0,4,53,35,378.6,24,12,45,13,22,19
403,08/02/2018,2,3,6,2018,0,2,35,40,423.28,42,14,52,12,27,30
402,07/02/2018,2,2,6,2018,0,4,59,38,380.54,25,9,39,14,24,18
401,06/02/2018,2,1,6,2018,0,4,54,35,346.04,26,10,40,22,23,21
400,05/02/2018,2,0,6,2018,0,5,77,44,491.1,3,11,43,16,29,5
399,04/02/2018,2,6,5,2018,0,2,33,36,382.04,48,39,126,16,21,32
398,03/02/2018,2,5,5,2018,0,3,45,37,375.66,30,41,134,9,22,22
397,02/02/2018,2,4,5,2018,0,5,66,36,370.6,14,13,48,6,24,13
396,01/02/2018,2,3,5,2018,0,5,67,36,383.62,10,10,40,17,24,10
395,31/01/2018,1,2,5,2018,0,4,60,40,427.43,19,11,43,24,27,16
394,30/01/2018,1,1,5,2018,0,3,48,40,421.1,33,11,44,30,26,23
393,29/01/2018,1,0,5,2018,0,5,77,44,463.12,5,12,48,25,28,6
392,28/01/2018,1,6,4,2018,0,0,11,38,386.82,63,39,127,34,23,39
391,27/01/2018,1,5,4,2018,0,3,46,39,418.21,28,43,138,39,25,20
390,26/01/2018,1,4,4,2018,0,4,59,39,395.12,17,10,40,18,26,14
389,25/01/2018,1,3,4,2018,0,3,46,37,343.32,37,9,36,24,25,27
388,24/01/2018,1,2,4,2018,0,2,35,37,406.01,46,7,29,23,24,33
387,23/01/2018,1,1,4,2018,0,3,47,39,383.15,30,10,39,20,26,22
386,22/01/2018,1,0,4,2018,0,5,76,42,433.82,7,9,36,8,28,8
385,21/01/2018,1,6,3,2018,0,2,34,37,375.58,43,39,124,15,24,27
384,20/01/2018,1,5,3,2018,0,2,36,41,405.88,40,44,141,13,25,23
383,19/01/2018,1,4,3,2018,0,4,57,37,382.28,19,10,39,18,25,15
382,18/01/2018,1,3,3,2018,0,1,20,36,367.58,61,11,43,26,26,42
381,17/01/2018,1,2,3,2018,0,3,49,40,413.54,30,11,42,37,26,22
380,16/01/2018,1,1,3,2018,0,2,32,37,383.65,48,12,45,25,26,35
379,15/01/2018,1,0,3,2018,0,4,65,42,446.61,14,8,34,23,28,13
378,14/01/2018,1,6,2,2018,0,2,31,34,344.38,46,37,122,21,21,30
377,13/01/2018,1,5,2,2018,0,4,55,34,349.35,26,38,123,20,24,20
376,12/01/2018,1,4,2,2018,0,4,58,39,404.25,26,12,46,23,25,19
375,11/01/2018,1,3,2,2018,0,3,47,41,415.27,37,15,56,21,27,26
374,10/01/2018,1,2,2,2018,0,4,60,38,393.48,17,7,33,27,26,14
373,09/01/2018,1,1,2,2018,0,2,27,32,327.9,54,9,37,20,20,40
372,08/01/2018,1,0,2,2018,0,6,90,45,440.5,0,11,44,20,31,4
371,07/01/2018,1,6,1,2018,0,3,42,35,338.78,42,41,132,31,22,27
370,06/01/2018,1,5,1,2018,0,4,61,41,413.43,18,42,136,15,25,14
369,05/01/2018,1,4,1,2018,0,4,65,40,432.74,13,4,22,26,28,9
368,04/01/2018,1,3,1,2018,0,4,58,37,378.27,24,8,34,20,24,19
367,03/01/2018,1,2,1,2018,0,2,33,37,386.88,50,11,43,26,25,36
366,02/01/2018,1,1,1,2018,0,3,47,39,358.96,34,10,39,3,26,25
365,01/01/2018,1,0,1,2018,0,5,75,41,420.23,6,9,38,28,27,7
364,31/12/2017,12,6,52,2017,3,3,42,35,323.24,32,40,130,16,23,22
363,30/12/2017,12,5,52,2017,3,3,45,38,376.52,38,42,137,18,24,26
362,29/12/2017,12,4,52,2017,3,3,48,40,383.75,38,12,46,28,29,28
361,28/12/2017,12,3,52,2017,3,5,70,37,371.52,11,7,31,21,26,12
360,27/12/2017,12,2,52,2017,3,3,47,38,363.24,35,8,34,16,26,27
359,26/12/2017,12,1,52,2017,3,3,46,37,360.2,31,9,37,32,23,23
358,25/12/2017,12,0,52,2017,3,5,78,45,440.23,2,13,49,24,31,5
357,24/12/2017,12,6,51,2017,3,2,38,40,412.6,39,38,124,20,25,26
356,23/12/2017,12,5,51,2017,3,1,26,40,378.95,57,38,126,26,25,35
355,22/12/2017,12,4,51,2017,3,4,60,39,409.82,21,9,36,23,29,17
354,21/12/2017,12,3,51,2017,3,3,41,34,330.05,42,11,43,15,23,31
353,20/12/2017,12,2,51,2017,3,4,54,34,348.39,17,8,34,29,22,12
352,19/12/2017,12,1,51,2017,3,3,45,37,341.67,38,9,38,21,24,28
351,18/12/2017,12,0,51,2017,3,5,77,43,429.28,1,10,39,30,28,6
350,17/12/2017,12,6,50,2017,3,2,29,35,350.19,52,41,134,17,22,37
349,16/12/2017,12,5,50,2017,3,3,45,37,382.13,32,40,128,23,24,22
348,15/12/2017,12,4,50,2017,3,4,62,41,423.14,22,11,43,20,27,20
347,14/12/2017,12,3,50,2017,3,0,10,37,361.99,75,8,35,22,25,52
346,13/12/2017,12,2,50,2017,3,3,50,41,432.55,30,10,39,26,27,23
345,12/12/2017,12,1,50,2017,3,1,20,37,394.12,56,12,45,25,26,39
344,11/12/2017,12,0,50,2017,3,6,89,44,453.13,2,11,43,26,31,4
343,10/12/2017,12,6,49,2017,3,5,72,40,445.25,9,40,130,25,25,8
342,09/12/2017,12,5,49,2017,3,4,57,37,364.01,23,39,128,16,21,16
341,08/12/2017,12,4,49,2017,3,2,36,39,434.06,37,9,40,33,26,26
340,07/12/2017,12,3,49,2017,3,3,49,40,430.2,35,10,40,36,28,28
339,06/12/2017,12,2,49,2017,3,2,28,32,297.71,56,7,32,12,21,40
338,05/12/2017,12,1,49,2017,3,3,52,42,437.89,27,10,41,32,29,21
337,04/12/2017,12,0,49,2017,3,5,80,46,462.98,0,10,40,17,32,2
336,03/12/2017,12,6,48,2017,3,3,46,38,422.97,35,41,133,6,24,25
335,02/12/2017,12,5,48,2017,3,1,25,40,395.25,63,40,130,30,26,40
334,01/12/2017,12,4,48,2017,3,3,50,42,440.62,29,12,46,20,29,23
333,30/11/2017,11,3,48,2017,3,5,68,38,371.68,11,12,47,19,27,10
332,29/11/2017,11,2,48,2017,3,3,48,39,400.2,37,10,43,18,27,27
331,28/11/2017,11,1,48,2017,3,2,32,37,380.22,47,12,46,37,26,34
330,27/11/2017,11,0,48,2017,3,6,83,40,415.76,0,13,50,25,29,4
329,26/11/2017,11,6,47,2017,3,4,57,37,400.83,25,40,129,24,24,18
328,25/11/2017,11,5,47,2017,3,3,49,39,410.34,28,39,126,16,25,21
327,24/11/2017,11,4,47,2017,3,5,68,38,365.12,11,13,50,14,28,12
326,23/11/2017,11,3,47,2017,3,3,43,35,363.29,33,10,40,21,24,23
325,22/11/2017,11,2,47,2017,3,1,23,39,379.18,53,11,43,13,27,38
324,21/11/2017,11,1,47,2017,3,2,30,34,331.51,48,8,33,30,25,35
323,20/11/2017,11,0,47,2017,3,6,91,44,489.84,2,8,34,28,31,4
322,19/11/2017,11,6,46,2017,3,4,55,36,408.57,25,40,131,29,25,18
321,18/11/2017,11,5,46,2017,3,3,47,37,374.09,39,38,123,41,23,27
320,17/11/2017,11,4,46,2017,3,6,85,40,403.24,0,9,38,14,29,5
319,16/11/2017,11,3,46,2017,3,2,34,37,382.11,46,9,37,19,24,34
318,15/11/2017,11,2,46,2017,3,3,43,36,356.49,39,11,44,19,25,29
317,14/11/2017,11,1,46,2017,3,1,22,38,396.36,60,11,43,28,25,42
316,13/11/2017,11,0,46,2017,3,5,76,41,402.15,6,8,33,24,29,11
315,12/11/2017,11,6,45,2017,3,1,24,39,424.46,59,40,130,21,28,38
314,11/11/2017,11,5,45,2017,3,3,49,41,432.47,31,42,136,18,26,21
313,10/11/2017,11,4,45,2017,3,4,56,36,371.48,23,10,40,19,27,19
312,09/11/2017,11,3,45,2017,3,2,39,41,419.29,41,10,40,19,28,31
311,08/11/2017,11,2,45,2017,3,3,43,35,394.49,37,10,40,17,28,27
310,07/11/2017,11,1,45,2017,3,3,54,43,436.23,23,9,37,22,28,18
309,06/11/2017,11,0,45,2017,3,7,95,38,398.62,0,8,34,15,26,3
308,05/11/2017,11,6,44,2017,3,2,35,39,379.19,46,40,130,20,24,30
307,04/11/2017,11,5,44,2017,3,3,47,38,403.28,32,39,127,8,27,24
306,03/11/2017,11,4,44,2017,3,4,63,43,468.58,18,14,53,25,30,15
305,02/11/2017,11,3,44,2017,3,2,35,39,401.93,44,11,41,12,27,32
304,01/11/2017,11,2,44,2017,3,2,33,37,379.7,42,10,41,23,25,32
303,31/10/2017,10,1,44,2017,3,4,56,38,419.66,26,13,49,10,27,21
302,30/10/2017,10,0,44,2017,3,4,63,42,423.92,19,10,40,26,28,15
301,29/10/2017,10,6,43,2017,3,2,37,39,408.4,47,38,124,12,25,32
300,28/10/2017,10,5,43,2017,3,2,36,39,396.45,43,40,130,11,25,30
299,27/10/2017,10,4,43,2017,3,5,72,40,415.76,9,10,39,11,29,9
298,26/10/2017,10,3,43,2017,3,5,70,39,404.55,10,12,47,14,27,12
297,25/10/2017,10,2,43,2017,3,2,34,38,363.18,44,10,42,19,28,32
296,24/10/2017,10,1,43,2017,3,3,47,39,420.39,30,12,48,11,28,25
295,23/10/2017,10,0,43,2017,3,3,53,43,438.25,27,10,39,31,29,22
294,22/10/2017,10,6,42,2017,3,2,37,40,411.95,43,40,131,20,26,29
293,21/10/2017,10,5,42,2017,3,2,35,41,451.22,40,45,144,15,27,27
292,20/10/2017,10,4,42,2017,3,3,48,41,435.39,33,13,50,12,29,27
291,19/10/2017,10,3,42,2017,3,2,33,35,378.26,46,7,30,8,27,34
290,18/10/2017,10,2,42,2017,3,5,67,36,383.79,15,10,41,8,24,15
289,17/10/2017,10,1,42,2017,3,4,51,32,327.04,31,8,33,18,24,26
288,16/10/2017,10,0,42,2017,3,5,79,45,434.85,2,11,42,11,32,4
287,15/10/2017,10,6,41,2017,3,3,46,39,397.2,38,43,139,15,26,26
286,14/10/2017,10,5,41,2017,3,3,49,40,428.06,26,40,130,8,26,20
285,13/10/2017,10,4,41,2017,3,6,83,39,420.33,0,10,40,15,28,4
284,12/10/2017,10,3,41,2017,3,5,77,45,459.73,8,13,51,14,32,10
283,11/10/2017,10,2,41,2017,3,2,35,38,332.29,46,9,37,14,26,34
282,10/10/2017,10,1,41,2017,3,4,61,41,431.6,18,11,44,8,30,14
281,09/10/2017,10,0,41,2017,3,5,77,42,422.34,5,8,33,7,30,5
280,08/10/2017,10,6,40,2017,3,3,42,35,364.25,38,40,131,23,22,27
279,07/10/2017,10,5,40,2017,3,2,35,39,410.01,45,42,136,17,25,32
278,06/10/2017,10,4,40,2017,3,4,62,39,448.24,18,7,31,11,27,13
277,05/10/2017,10,3,40,2017,3,1,19,35,357.67,66,9,37,21,24,47
276,04/10/2017,10,2,40,2017,3,4,61,38,380.27,17,7,31,25,26,14
275,03/10/2017,10,1,40,2017,3,3,47,37,419.77,35,7,31,13,25,28
274,02/10/2017,10,0,40,2017,3,6,85,41,409.31,3,12,46,11,30,7
273,01/10/2017,10,6,39,2017,3,4,55,35,362.5,27,39,126,5,23,20
272,30/09/2017,9,5,39,2017,2,5,70,38,414.14,12,41,132,10,25,12
271,29/09/2017,9,4,39,2017,2,3,46,37,387.14,39,8,36,15,27,31
270,28/09/2017,9,3,39,2017,2,4,59,39,395.41,21,12,46,13,28,18
269,27/09/2017,9,2,39,2017,2,2,32,36,353.82,47,9,35,11,28,36
268,26/09/2017,9,1,39,2017,2,3,47,39,379.94,32,12,45,11,29,25
267,25/09/2017,9,0,39,2017,2,6,90,42,431.4,1,7,30,18,29,5
266,24/09/2017,9,6,38,2017,2,2,32,35,353.45,48,37,122,16,25,33
265,23/09/2017,9,5,38,2017,2,5,70,38,416.51,14,41,132,13,26,13
264,22/09/2017,9,4,38,2017,2,4,56,36,354.73,26,9,37,7,26,23
263,21/09/2017,9,3,38,2017,2,4,55,38,405.48,22,14,49,12,28,19
262,20/09/2017,9,2,38,2017,2,3,48,39,386.37,30,10,40,15,27,22
261,19/09/2017,9,1,38,2017,2,4,59,38,393.9,18,8,33,9,30,17
260,18/09/2017,9,0,38,2017,2,5,82,46,498.29,5,9,37,10,33,8
259,17/09/2017,9,6,37,2017,2,4,55,36,343.96,27,42,137,11,23,21
258,16/09/2017,9,5,37,2017,2,6,82,38,392.32,5,41,132,16,26,7
257,15/09/2017,9,4,37,2017,2,3,48,40,424.26,38,12,46,15,30,28
256,14/09/2017,9,3,37,2017,2,2,32,37,421.74,52,11,43,13,26,38
255,13/09/2017,9,2,37,2017,2,3,50,40,402.24,29,8,34,15,27,24
254,12/09/2017,9,1,37,2017,2,2,34,36,372.92,41,7,31,12,25,31
253,11/09/2017,9,0,37,2017,2,5,78,43,421.81,2,8,34,18,31,5
252,10/09/2017,9,6,36,2017,2,2,31,35,378.14,57,39,127,15,25,39
251,09/09/2017,9,5,36,2017,2,1,21,36,361.49,60,39,127,14,22,41
250,08/09/2017,9,4,36,2017,2,6,82,38,379.32,3,11,42,17,29,6
249,07/09/2017,9,3,36,2017,2,3,49,40,423.56,30,10,40,17,29,22
248,06/09/2017,9,2,36,2017,2,4,63,39,396.96,20,5,23,9,28,17
247,05/09/2017,9,1,36,2017,2,5,65,35,381.76,12,11,43,8,25,12
246,04/09/2017,9,0,36,2017,2,6,90,44,453.58,0,10,41,6,31,6
245,03/09/2017,9,6,35,2017,2,5,69,36,399.47,12,38,122,7,24,10
244,02/09/2017,9,5,35,2017,2,4,55,36,359.71,26,41,132,14,26,21
243,01/09/2017,9,4,35,2017,2,5,65,34,377.27,15,10,40,14,25,14
242,31/08/2017,8,3,35,2017,2,4,54,34,343.6,26,9,38,15,25,23
241,30/08/2017,8,2,35,2017,2,5,72,40,422.14,6,11,43,13,28,6
240,29/08/2017,8,1,35,2017,2,3,40,34,338.31,40,12,46,12,25,31
239,28/08/2017,8,0,35,2017,2,4,67,45,467.95,13,11,42,10,32,13
238,27/08/2017,8,6,34,2017,2,3,44,33,298.19,34,34,111,16,23,24
237,26/08/2017,8,5,34,2017,2,3,43,34,340.43,43,36,119,1,22,31
236,25/08/2017,8,4,34,2017,2,4,57,38,417.88,20,11,44,5,28,19
235,24/08/2017,8,3,34,2017,2,3,47,38,363.93,34,9,35,8,28,28
234,23/08/2017,8,2,34,2017,2,6,82,35,364.2,2,4,21,11,24,6
233,22/08/2017,8,1,34,2017,2,3,47,38,409.99,32,10,40,12,27,26
232,21/08/2017,8,0,34,2017,2,5,77,42,422.28,0,7,31,15,30,5
231,20/08/2017,8,6,33,2017,2,4,60,39,393.96,17,39,127,5,26,14
230,19/08/2017,8,5,33,2017,2,4,55,35,378.02,28,39,127,10,22,22
229,18/08/2017,8,4,33,2017,2,4,58,38,397.22,24,10,41,12,27,21
228,17/08/2017,8,3,33,2017,2,4,59,38,402.88,23,9,37,10,27,20
227,16/08/2017,8,2,33,2017,2,3,45,37,382.71,34,11,42,6,27,26
226,15/08/2017,8,1,33,2017,2,0,8,35,387.56,71,8,34,12,25,52
225,14/08/2017,8,0,33,2017,2,7,101,44,441.19,4,11,42,11,32,8
224,13/08/2017,8,6,32,2017,2,3,46,40,399.93,33,44,143,9,26,23
223,12/08/2017,8,5,32,2017,2,5,65,34,332.31,12,40,129,5,24,11
222,11/08/2017,8,4,32,2017,2,3,48,39,403.2,30,9,36,7,29,24
221,10/08/2017,8,3,32,2017,2,3,49,39,390.71,27,7,31,7,29,24
220,09/08/2017,8,2,32,2017,2,3,44,35,386.93,37,8,33,12,25,29
219,08/08/2017,8,1,32,2017,2,3,50,41,396.82,35,11,43,11,30,28
218,07/08/2017,8,0,32,2017,2,5,78,42,453.3,6,7,30,1,31,8
217,06/08/2017,8,6,31,2017,2,3,50,43,451.62,33,45,145,11,31,25
216,05/08/2017,8,5,31,2017,2,4,53,34,328.98,25,39,127,11,22,19
215,04/08/2017,8,4,31,2017,2,4,58,39,441.79,19,13,48,10,28,16
214,03/08/2017,8,3,31,2017,2,3,44,38,377.51,32,13,50,10,29,26
213,02/08/2017,8,2,31,2017,2,5,69,38,370.26,9,11,43,11,28,10
212,01/08/2017,8,1,31,2017,2,3,47,39,403.14,34,10,41,11,29,28
211,31/07/2017,7,0,31,2017,2,7,104,44,465.94,1,8,34,8,32,6
210,30/07/2017,7,6,30,2017,2,2,33,38,382.08,44,41,132,4,25,30
209,29/07/2017,7,5,30,2017,2,3,41,33,334.94,40,38,124,8,22,29
208,28/07/2017,7,4,30,2017,2,4,56,36,359.67,27,10,40,13,27,22
207,27/07/2017,7,3,30,2017,2,3,46,39,421.74,38,13,50,5,28,31
206,26/07/2017,7,2,30,2017,2,4,61,41,414.93,14,12,46,9,30,14
205,25/07/2017,7,1,30,2017,2,4,52,34,345.34,33,12,47,8,23,28
204,24/07/2017,7,0,30,2017,2,6,85,41,419.7,1,11,45,3,31,5
203,23/07/2017,7,6,29,2017,2,3,46,39,395.21,39,42,134,6,27,27
202,22/07/2017,7,5,29,2017,2,3,43,36,379.14,33,41,130,8,24,23
201,21/07/2017,7,4,29,2017,2,4,62,40,403.78,21,9,37,8,30,19
200,20/07/2017,7,3,29,2017,2,3,46,39,392.55,32,12,47,11,30,24
199,19/07/2017,7,2,29,2017,2,2,32,35,336.76,50,7,31,2,26,38
198,18/07/2017,7,1,29,2017,2,3,50,41,410.49,33,10,39,2,30,27
197,17/07/2017,7,0,29,2017,2,6,85,40,418.59,0,9,37,8,30,5
196,16/07/2017,7,6,28,2017,2,5,73,41,471.05,3,42,137,9,30,4
195,15/07/2017,7,5,28,2017,2,2,38,41,402.56,41,40,129,9,27,32
194,14/07/2017,7,4,28,2017,2,4,57,36,356.64,23,8,34,10,25,18
193,13/07/2017,7,3,28,2017,2,3,46,40,412.09,37,14,53,10,29,29
192,12/07/2017,7,2,28,2017,2,3,43,33,333.13,39,6,29,4,23,32
191,11/07/2017,7,1,28,2017,2,1,21,38,395.35,65,12,47,7,30,48
190,10/07/2017,7,0,28,2017,2,4,65,45,456.83,15,14,52,10,32,14
189,09/07/2017,7,6,27,2017,2,2,36,38,404.19,47,38,123,8,26,35
188,08/07/2017,7,5,27,2017,2,4,57,37,384.02,20,39,127,4,24,16
187,07/07/2017,7,4,27,2017,2,4,57,38,402.99,19,12,47,6,27,18
186,06/07/2017,7,3,27,2017,2,2,35,39,396.49,48,12,45,10,31,36
185,05/07/2017,7,2,27,2017,2,2,34,39,400.86,48,13,48,8,28,35
184,04/07/2017,7,1,27,2017,2,1,29,43,460.02,47,9,38,4,34,36
183,03/07/2017,7,0,27,2017,2,5,78,45,447.42,0,12,46,6,34,5
182,02/07/2017,7,6,26,2017,2,2,36,40,425.6,45,41,131,3,27,33
181,01/07/2017,7,5,26,2017,2,4,56,36,374.26,27,40,131,11,25,22
180,30/06/2017,6,4,26,2017,1,6,78,33,325.93,4,7,31,3,24,7
179,29/06/2017,6,3,26,2017,1,4,57,37,364.73,22,10,39,7,29,20
178,28/06/2017,6,2,26,2017,1,4,61,39,394.5,21,7,31,0,27,17
177,27/06/2017,6,1,26,2017,1,3,48,40,422.55,28,12,46,3,30,24
176,26/06/2017,6,0,26,2017,1,4,66,44,423.06,13,11,43,2,32,14
175,25/06/2017,6,6,25,2017,1,1,21,37,397.31,57,39,126,0,26,40
174,24/06/2017,6,5,25,2017,1,3,44,36,403.11,35,40,131,4,25,25
173,23/06/2017,6,4,25,2017,1,3,48,38,366.45,31,7,32,1,30,26
172,22/06/2017,6,3,25,2017,1,3,49,40,402.61,32,9,36,0,30,26
171,21/06/2017,6,2,25,2017,1,2,36,41,418.69,48,13,49,3,29,37
170,20/06/2017,6,1,25,2017,1,4,53,35,358.87,26,12,47,2,25,22
169,19/06/2017,6,0,25,2017,1,5,74,40,410.72,4,7,31,3,31,6
168,18/06/2017,6,6,24,2017,1,2,35,38,387.2,45,39,127,3,26,32
167,17/06/2017,6,5,24,2017,1,4,56,38,399.87,23,44,141,1,25,19
166,16/06/2017,6,4,24,2017,1,3,45,39,379.78,36,14,53,3,31,28
165,15/06/2017,6,3,24,2017,1,3,42,34,363.48,41,9,37,8,25,34
164,14/06/2017,6,2,24,2017,1,6,75,34,338.55,5,12,44,1,25,9
163,13/06/2017,6,1,24,2017,1,2,36,39,422.01,44,10,41,0,29,33
162,12/06/2017,6,0,24,2017,1,5,77,43,432.06,1,10,40,5,32,6
161,11/06/2017,6,6,23,2017,1,3,46,39,381.84,33,42,135,3,28,26
160,10/06/2017,6,5,23,2017,1,2,38,40,407.23,44,39,128,4,27,31
159,09/06/2017,6,4,23,2017,1,5,61,31,317.84,17,10,42,8,24,17
158,08/06/2017,6,3,23,2017,1,3,49,39,420.36,33,9,36,3,29,28
157,07/06/2017,6,2,23,2017,1,3,48,38,362.19,35,8,35,1,31,29
156,06/06/2017,6,1,23,2017,1,2,32,35,358.71,49,8,33,4,27,37
155,05/06/2017,6,0,23,2017,1,5,76,43,393.38,5,11,43,3,33,9
154,04/06/2017,6,6,22,2017,1,3,45,35,354.17,39,37,122,4,24,31
153,03/06/2017,6,5,22,2017,1,3,47,40,395.72,36,43,141,2,30,28
152,02/06/2017,6,4,22,2017,1,3,50,40,417.1,34,9,37,3,30,28
151,01/06/2017,6,3,22,2017,1,4,59,39,390.94,21,10,42,3,29,17
150,31/05/2017,5,2,22,2017,1,2,36,39,378.49,41,9,37,8,29,32
149,30/05/2017,5,1,22,2017,1,3,49,39,448.26,29,9,36,3,31,23
148,29/05/2017,5,0,22,2017,1,6,89,41,396.56,2,6,28,4,32,6
147,28/05/2017,5,6,21,2017,1,3,45,37,386.78,34,41,133,0,26,25
146,27/05/2017,5,5,21,2017,1,3,43,36,381.59,34,41,132,6,25,26
145,26/05/2017,5,4,21,2017,1,5,75,42,439.7,8,12,46,3,31,9
144,25/05/2017,5,3,21,2017,1,2,35,39,382.07,41,12,48,10,28,31
143,24/05/2017,5,2,21,2017,1,4,57,38,395.41,25,12,45,5,29,21
142,23/05/2017,5,1,21,2017,1,3,46,37,384.67,23,8,35,3,28,19
141,22/05/2017,5,0,21,2017,1,5,72,39,385.14,7,9,38,0,29,10
140,21/05/2017,5,6,20,2017,1,2,33,37,404.7,49,41,134,8,26,35
139,20/05/2017,5,5,20,2017,1,1,26,41,388.93,49,40,129,11,29,36
138,19/05/2017,5,4,20,2017,1,3,52,42,414.65,29,10,41,7,32,22
137,18/05/2017,5,3,20,2017,1,4,58,38,375.07,22,10,40,7,29,18
136,17/05/2017,5,2,20,2017,1,3,50,42,469.05,29,13,49,4,34,24
135,16/05/2017,5,1,20,2017,1,3,45,37,397.91,36,9,36,14,27,28
134,15/05/2017,5,0,20,2017,1,6,84,39,404.19,0,10,39,9,30,3
133,14/05/2017,5,6,19,2017,1,2,35,39,380.48,44,41,132,9,27,33
132,13/05/2017,5,5,19,2017,1,4,56,37,419.65,25,40,130,8,27,20
131,12/05/2017,5,4,19,2017,1,6,79,36,389.76,1,11,43,4,28,5
130,11/05/2017,5,3,19,2017,1,3,45,40,394.37,34,17,61,9,31,27
129,10/05/2017,5,2,19,2017,1,2,36,39,394.54,43,9,37,1,30,34
128,09/05/2017,5,1,19,2017,1,2,39,41,449.34,39,8,33,7,29,32
127,08/05/2017,5,0,19,2017,1,5,77,42,453.74,1,8,35,9,32,5
126,07/05/2017,5,6,18,2017,1,3,49,41,406.89,27,41,134,9,30,22
125,06/05/2017,5,5,18,2017,1,3,47,39,430.01,32,41,132,8,28,26
124,05/05/2017,5,4,18,2017,1,4,62,42,417.25,16,12,46,8,32,15
123,04/05/2017,5,3,18,2017,1,1,29,43,434.88,50,11,44,3,32,39
122,03/05/2017,5,2,18,2017,1,2,38,40,404.15,42,9,38,10,31,34
121,02/05/2017,5,1,18,2017,1,3,42,35,347.59,38,10,40,12,26,30
120,01/05/2017,5,0,18,2017,1,4,62,40,434.88,19,9,36,5,30,17
119,30/04/2017,4,6,17,2017,1,4,53,33,342.91,28,38,124,8,23,25
118,29/04/2017,4,5,17,2017,1,2,35,37,401.22,45,37,120,10,29,33
117,28/04/2017,4,4,17,2017,1,4,58,35,341.2,21,5,25,9,26,19
116,27/04/2017,4,3,17,2017,1,4,57,36,342.29,30,8,35,7,26,26
115,26/04/2017,4,2,17,2017,1,3,45,36,346.86,34,8,35,8,28,28
114,25/04/2017,4,1,17,2017,1,2,33,37,404.97,49,11,43,11,29,38
113,24/04/2017,4,0,17,2017,1,6,86,40,380.17,0,9,37,6,31,5
112,23/04/2017,4,6,16,2017,1,3,53,41,448.24,27,37,122,6,29,22
111,22/04/2017,4,5,16,2017,1,3,45,38,400.3,39,43,138,14,28,30
110,21/04/2017,4,4,16,2017,1,3,47,38,396.21,32,10,41,9,30,26
109,20/04/2017,4,3,16,2017,1,3,44,36,380.61,33,10,40,9,29,27
108,19/04/2017,4,2,16,2017,1,4,60,39,382.37,17,10,40,10,29,18
107,18/04/2017,4,1,16,2017,1,2,37,39,419.59,42,8,34,13,31,34
106,17/04/2017,4,0,16,2017,1,4,63,42,432.2,17,12,46,6,32,18
105,16/04/2017,4,6,15,2017,1,3,45,37,420.58,35,40,129,12,25,27
104,15/04/2017,4,5,15,2017,1,4,58,38,396.38,16,40,131,13,28,15
103,14/04/2017,4,4,15,2017,1,5,71,37,377.96,7,7,32,16,28,8
102,13/04/2017,4,3,15,2017,1,3,43,36,357.65,37,11,43,13,28,31
101,12/04/2017,4,2,15,2017,1,2,28,32,322.39,53,8,34,13,24,43
100,11/04/2017,4,1,15,2017,1,4,58,38,371.92,19,10,41,4,30,17
99,10/04/2017,4,0,15,2017,1,7,94,40,441.36,0,13,48,10,31,5
98,09/04/2017,4,6,14,2017,1,3,48,40,389.26,32,42,136,7,29,25
97,08/04/2017,4,5,14,2017,1,2,34,37,381.14,51,39,129,16,26,39
96,07/04/2017,4,4,14,2017,1,5,69,35,378.47,11,7,30,14,28,15
95,06/04/2017,4,3,14,2017,1,3,49,40,448.3,33,10,41,11,30,28
94,05/04/2017,4,2,14,2017,1,2,36,36,418.39,50,4,22,13,29,39
93,04/04/2017,4,1,14,2017,1,3,44,35,353.82,36,8,35,3,28,30
92,03/04/2017,4,0,14,2017,1,4,64,42,429.1,15,9,35,13,34,15
91,02/04/2017,4,6,13,2017,1,2,35,37,401.9,43,37,121,6,26,33
90,01/04/2017,4,5,13,2017,1,2,37,41,465.16,45,43,139,7,29,34
89,31/03/2017,3,4,13,2017,0,3,40,34,336.51,38,11,44,18,25,32
88,30/03/2017,3,3,13,2017,0,0,11,37,408.16,72,7,32,20,29,57
87,29/03/2017,3,2,13,2017,0,2,35,39,383.41,42,10,41,13,31,35
86,28/03/2017,3,1,13,2017,0,3,46,37,369.43,35,9,36,14,27,29
85,27/03/2017,3,0,13,2017,0,6,82,39,382.18,2,11,41,11,30,6
84,26/03/2017,3,6,12,2017,0,3,46,38,372.59,32,41,133,16,28,25
83,25/03/2017,3,5,12,2017,0,2,33,38,398.49,49,42,136,17,27,36
82,24/03/2017,3,4,12,2017,0,5,64,33,346.21,10,8,34,14,25,12
81,23/03/2017,3,3,12,2017,0,3,51,42,411.71,32,12,45,22,32,28
80,22/03/2017,3,2,12,2017,0,2,40,42,427.26,41,10,39,15,33,34
79,21/03/2017,3,1,12,2017,0,4,56,36,347.84,24,10,39,8,25,20
78,20/03/2017,3,0,12,2017,0,4,61,41,436.92,19,12,45,26,32,18
77,19/03/2017,3,6,11,2017,0,3,48,39,407.76,28,40,131,12,28,23
76,18/03/2017,3,5,11,2017,0,4,53,35,363.5,27,42,135,19,26,23
75,17/03/2017,3,4,11,2017,0,5,77,43,453.61,1,10,41,21,34,4
74,16/03/2017,3,3,11,2017,0,3,47,37,378.63,34,6,29,15,28,30
73,15/03/2017,3,2,11,2017,0,5,73,39,418.48,12,8,33,12,30,15
72,14/03/2017,3,1,11,2017,0,3,45,38,388.48,39,11,45,12,29,33
71,13/03/2017,3,0,11,2017,0,6,89,43,432.19,1,10,39,21,33,5
70,12/03/2017,3,6,10,2017,0,2,35,37,371.28,48,36,118,13,27,38
69,11/03/2017,3,5,10,2017,0,5,70,38,384.24,11,40,132,8,27,10
68,10/03/2017,3,4,10,2017,0,4,57,36,331.34,17,8,34,21,28,16
67,09/03/2017,3,3,10,2017,0,2,30,34,344.12,47,10,42,7,25,37
66,08/03/2017,3,2,10,2017,0,3,49,41,408.36,32,11,43,9,33,26
65,07/03/2017,3,1,10,2017,0,3,44,35,361.83,33,8,34,10,26,27
64,06/03/2017,3,0,10,2017,0,4,64,44,470.35,17,13,49,10,33,16
63,05/03/2017,3,6,9,2017,0,5,68,36,368.73,14,40,129,19,25,16
62,04/03/2017,3,5,9,2017,0,3,49,41,442.47,31,43,138,17,30,25
61,03/03/2017,3,4,9,2017,0,5,68,36,378.31,10,10,40,14,27,10
60,02/03/2017,3,3,9,2017,0,4,57,38,379.94,24,11,45,12,28,21
59,01/03/2017,3,2,9,2017,0,1,21,36,400.46,62,9,36,20,28,50
58,28/02/2017,2,1,9,2017,0,2,34,40,438.14,48,14,51,28,30,39
57,27/02/2017,2,0,9,2017,0,3,55,45,525.21,23,11,43,18,34,21
56,26/02/2017,2,6,8,2017,0,4,65,44,425.89,20,43,137,13,33,16
55,25/02/2017,2,5,8,2017,0,2,35,36,402.09,52,36,118,9,28,39
54,24/02/2017,2,4,8,2017,0,5,73,40,408.65,6,9,37,12,33,8
53,23/02/2017,2,3,8,2017,0,4,60,38,379.49,21,8,33,20,28,20
52,22/02/2017,2,2,8,2017,0,4,56,36,347.1,23,10,40,14,29,21
51,21/02/2017,2,1,8,2017,0,4,59,38,377.22,24,9,36,17,31,22
50,20/02/2017,2,0,8,2017,0,6,88,41,447.15,1,8,35,16,33,7
49,19/02/2017,2,6,7,2017,0,3,46,38,400.12,31,41,132,18,26,24
48,18/02/2017,2,5,7,2017,0,1,24,39,366.23,54,40,129,19,28,41
47,17/02/2017,2,4,7,2017,0,4,59,39,420.5,18,11,43,8,30,20
46,16/02/2017,2,3,7,2017,0,2,33,37,377.17,51,10,42,14,31,42
45,15/02/2017,2,2,7,2017,0,2,33,37,371.46,43,11,42,15,30,34
44,14/02/2017,2,1,7,2017,0,2,32,37,410.73,48,11,45,17,29,38
43,13/02/2017,2,0,7,2017,0,3,51,41,389.81,32,9,37,13,34,27
42,12/02/2017,2,6,6,2017,0,3,43,36,380.52,35,40,129,16,26,29
41,11/02/2017,2,5,6,2017,0,4,57,38,397.64,21,42,135,19,27,18
40,10/02/2017,2,4,6,2017,0,2,36,40,423.16,48,12,46,22,33,40
39,09/02/2017,2,3,6,2017,0,3,44,36,329.84,37,9,36,11,29,31
38,08/02/2017,2,2,6,2017,0,4,62,41,421.96,17,10,39,8,32,18
37,07/02/2017,2,1,6,2017,0,2,33,36,371.23,44,9,37,22,26,38
36,06/02/2017,2,0,6,2017,0,4,65,42,417.82,9,7,32,23,34,9
35,05/02/2017,2,6,5,2017,0,1,23,39,428.49,57,40,130,13,28,42
34,04/02/2017,2,5,5,2017,0,2,38,39,394.91,42,37,120,20,28,30
33,03/02/2017,2,4,5,2017,0,3,45,37,401.84,38,9,37,23,28,33
32,02/02/2017,2,3,5,2017,0,2,34,37,373.29,49,8,34,23,30,39
31,01/02/2017,2,2,5,2017,0,5,68,36,380.9,8,9,39,24,27,11
30,31/01/2017,1,1,5,2017,0,4,57,37,385.41,21,10,39,25,28,19
29,30/01/2017,1,0,5,2017,0,5,78,45,456.7,4,13,49,22,34,7
28,29/01/2017,1,6,4,2017,0,2,33,36,373.41,46,37,121,13,28,37
27,28/01/2017,1,5,4,2017,0,3,50,40,395.77,32,39,126,24,29,24
26,27/01/2017,1,4,4,2017,0,5,70,39,388.79,15,13,51,24,32,15
25,26/01/2017,1,3,4,2017,0,2,39,42,434.67,37,11,44,19,35,29
24,25/01/2017,1,2,4,2017,0,2,37,41,411.6,45,12,46,26,30,37
23,24/01/2017,1,1,4,2017,0,3,53,44,427.55,26,13,50,25,36,25
22,23/01/2017,1,0,4,2017,0,6,89,43,482.25,0,10,39,22,34,4
21,22/01/2017,1,6,3,2017,0,3,41,34,354.44,44,40,130,9,25,35
20,21/01/2017,1,5,3,2017,0,2,28,33,340.56,53,41,131,15,25,43
19,20/01/2017,1,4,3,2017,0,3,43,34,362.98,39,7,32,22,28,32
18,19/01/2017,1,3,3,2017,0,4,62,41,428.16,20,10,39,19,30,19
17,18/01/2017,1,2,3,2017,0,1,22,38,391.35,58,11,43,20,31,47
16,17/01/2017,1,1,3,2017,0,2,31,35,351.68,49,9,37,15,28,41
15,16/01/2017,1,0,3,2017,0,5,77,43,437.94,3,10,39,22,35,5
14,15/01/2017,1,6,2,2017,0,3,47,37,455.49,33,38,124,20,29,27
13,14/01/2017,1,5,2,2017,0,5,73,41,377.37,11,42,136,12,30,12
12,13/01/2017,1,4,2,2017,0,5,67,36,367.81,12,11,44,22,28,14
11,12/01/2017,1,3,2,2017,0,4,62,41,411.32,20,11,43,17,33,19
10,11/01/2017,1,2,2,2017,0,2,35,38,394.54,53,10,39,25,32,43
9,10/01/2017,1,1,2,2017,0,3,45,38,395.83,34,12,48,26,29,30
8,09/01/2017,1,0,2,2017,0,5,76,43,422.79,9,11,43,17,34,12
7,08/01/2017,1,6,1,2017,0,2,34,38,385.35,41,41,133,14,30,30
6,07/01/2017,1,5,1,2017,0,3,47,41,415.17,36,45,147,24,29,29
5,06/01/2017,1,4,1,2017,0,4,56,36,412.66,27,9,37,25,29,25
4,05/01/2017,1,3,1,2017,0,3,48,37,375.58,25,6,27,14,29,22
3,04/01/2017,1,2,1,2017,0,1,22,39,423.41,55,12,45,21,32,45
2,03/01/2017,1,1,1,2017,0,3,41,33,330.55,40,9,38,10,25,34
1,02/01/2017,1,0,1,2017,0,5,78,44,456.9,4,10,40,15,37,7
0,01/01/2017,1,6,52,2017,0,5,74,40,434.71,5,39,126,18,29,9
